date,up_rain_sum,stage_mean,stage_max,up_rain_prev1,up_rain_prev3,up_rain_prev7,stage_max_prev1,stage_mean_prev1,is_flood,gurd_rain,gurd_rain_prev1,gurd_rain_prev3,gurd_rain_prev7
2019-07-02,0.0,349.49225,349.756,0.0,0.0,0.0,0.0,0.0,False,0.0,0.0,0.0,0.0
2019-07-03,0.0,349.42336363636366,349.674,0.0,0.0,0.0,349.756,349.49225,False,0.0,0.0,0.0,0.0
2019-07-04,0.0,349.1968125,349.752,0.0,0.0,0.0,349.674,349.42336363636366,False,0.0,0.0,0.0,0.0
2019-07-05,0.0,349.3635,349.907,0.0,0.0,0.0,349.752,349.1968125,False,0.0,0.0,0.0,0.0
2019-07-06,0.0,349.1566666666667,349.48,0.0,0.0,0.0,349.907,349.3635,False,0.0,0.0,0.0,0.0
2019-07-07,2.290819331,349.2929791666666,349.773,0.0,0.0,0.0,349.48,349.1566666666667,False,0.0,0.0,0.0,0.0
2019-07-08,17.418735336,349.3835833333333,349.863,2.290819331,2.290819331,2.290819331,349.773,349.2929791666666,False,0.0,0.0,0.0,0.0
2019-07-09,3.718676857,349.28879166666667,349.588,17.418735336,19.709554667,19.709554667,349.863,349.3835833333333,False,0.0,0.0,0.0,0.0
2019-07-10,3.596525094,349.1310938697318,349.2014137931034,3.718676857,23.428231524000005,23.428231524000005,349.588,349.28879166666667,False,0.0,0.0,0.0,0.0
2019-07-13,0.0,349.1515,349.704,3.596525094,24.733937287,27.024756618,349.2014137931034,349.1310938697318,True,0.0,0.0,0.0,0.0
2019-07-14,0.0,349.20954166666667,349.38,0.0,7.315201951000004,27.024756618,349.704,349.1515,True,0.0,0.0,0.0,0.0
2019-07-15,0.0,349.2500416666667,349.403,0.0,3.5965250940000035,27.024756618,349.38,349.20954166666667,False,0.0,0.0,0.0,0.0
2019-07-16,0.0,348.81829166666665,349.33,0.0,0.0,27.024756618,349.403,349.2500416666667,False,0.0,0.0,0.0,0.0
2019-07-17,0.0,349.152625,349.567,0.0,0.0,24.733937287000003,349.33,348.81829166666665,False,0.0,0.0,0.0,0.0
2019-07-18,0.0,320.2187083333333,349.734,0.0,0.0,7.315201951000001,349.567,349.152625,False,0.0,0.0,0.0,0.0
2019-07-19,0.0,349.0889583333333,349.283,0.0,0.0,3.596525094,349.734,320.2187083333333,False,0.0,0.0,0.0,0.0
2019-07-20,0.0,349.2632083333333,349.48,0.0,0.0,0.0,349.283,349.0889583333333,False,0.0,0.0,0.0,0.0
2019-07-21,0.0,349.28991666666667,349.742,0.0,0.0,0.0,349.48,349.2632083333333,False,0.0,0.0,0.0,0.0
2019-07-22,0.0,349.25079166666666,349.704,0.0,0.0,0.0,349.742,349.28991666666667,False,0.0,0.0,0.0,0.0
2019-07-23,0.0,349.4453203828829,349.834,0.0,0.0,0.0,349.704,349.25079166666666,False,0.0,0.0,0.0,0.0
2019-07-24,0.0,349.6908243243243,349.7823783783784,0.0,0.0,0.0,349.834,349.4453203828829,False,0.0,0.0,0.0,0.0
2019-07-27,0.0,349.04400000000004,349.493,0.0,0.0,0.0,349.7823783783784,349.6908243243243,False,0.0,0.0,0.0,0.0
2019-07-28,0.0,348.9634791666667,349.247,0.0,0.0,0.0,349.493,349.04400000000004,True,0.0,0.0,0.0,0.0
2019-07-29,0.0,334.72183333333334,349.816,0.0,0.0,0.0,349.247,348.9634791666667,True,0.0,0.0,0.0,0.0
2019-07-30,0.0,47.26353125,87.25575,0.0,0.0,0.0,349.816,334.72183333333334,True,0.0,0.0,0.0,0.0
2019-07-31,0.0,349.023,349.023,0.0,0.0,0.0,87.25575,47.26353125,True,0.0,0.0,0.0,0.0
2019-08-01,0.0,349.056,349.238,0.0,0.0,0.0,349.023,349.023,True,0.0,0.0,0.0,0.0
2019-08-02,0.0,349.00375,349.459,0.0,0.0,0.0,349.238,349.056,True,0.0,0.0,0.0,0.0
2019-08-03,0.0,334.69804166666665,349.898,0.0,0.0,0.0,349.459,349.00375,True,0.0,0.0,0.0,0.0
2019-08-04,0.0,349.349375,349.863,0.0,0.0,0.0,349.898,334.69804166666665,True,0.0,0.0,0.0,0.0
2019-08-05,0.0,349.433,349.765,0.0,0.0,0.0,349.863,349.349375,False,0.0,0.0,0.0,0.0
2019-08-06,0.0,349.21497916666664,349.569,0.0,0.0,0.0,349.765,349.433,False,0.0,0.0,0.0,0.0
2019-08-07,4.76551035,349.3685448717949,349.802,0.0,0.0,0.0,349.569,349.21497916666664,False,0.0,0.0,0.0,0.0
2019-08-08,5.35936096,349.3345384615385,349.3749230769231,4.76551035,4.765510350000003,4.76551035,349.802,349.3685448717949,False,0.0,0.0,0.0,0.0
2019-08-09,1.169176995,349.28204166666666,349.488,5.35936096,10.124871310000003,10.12487131,349.3749230769231,349.3345384615385,False,0.0,0.0,0.0,0.0
2019-08-10,0.90768938,349.29945833333335,349.427,1.169176995,11.294048305000004,11.294048305,349.488,349.28204166666666,False,0.0,0.0,0.0,0.0
2019-08-11,4.240712705,349.27608333333336,349.445,0.90768938,7.436227335000003,12.201737685,349.427,349.29945833333335,False,0.0,0.0,0.0,0.0
2019-08-12,0.272858053,349.2580625,349.3985,4.240712705,6.317579080000003,16.442450389999998,349.445,349.27608333333336,False,0.0,0.0,0.0,0.0
2019-08-13,0.0,349.3215,349.713,0.272858053,5.421260138000004,16.715308442999998,349.3985,349.2580625,False,0.0,0.0,0.0,0.0
2019-08-14,0.0,349.3541666666667,349.671,0.0,4.513570758000004,16.715308442999998,349.713,349.3215,False,0.0,0.0,0.0,0.0
2019-08-15,0.0,349.24647916666663,349.35450000000003,0.0,0.27285805300000354,11.949798093,349.671,349.3541666666667,False,0.0,0.0,0.0,0.0
2019-08-16,0.0,349.2845,349.436,0.0,0.0,6.590437133,349.35450000000003,349.24647916666663,False,0.0,0.0,0.0,0.0
2019-08-17,0.0,349.2371666666667,349.798,0.0,0.0,5.421260138,349.436,349.2845,False,0.0,0.0,0.0,0.0
2019-08-18,0.0,349.32460416666663,349.67,0.0,0.0,4.513570758,349.798,349.2371666666667,False,0.0,0.0,0.0,0.0
2019-08-19,0.0,349.287,349.829,0.0,0.0,0.272858053,349.67,349.32460416666663,False,0.0,0.0,0.0,0.0
2019-08-20,0.0,349.21137500000003,349.877,0.0,0.0,0.0,349.829,349.287,False,0.0,0.0,0.0,0.0
2019-08-21,0.0,349.2416666666666,349.828,0.0,0.0,0.0,349.877,349.21137500000003,False,0.0,0.0,0.0,0.0
2019-08-22,0.0,349.4017083333333,349.747,0.0,0.0,0.0,349.828,349.2416666666666,False,0.0,0.0,0.0,0.0
2019-08-23,0.0,349.37529166666667,349.856,0.0,0.0,0.0,349.747,349.4017083333333,False,0.0,0.0,0.0,0.0
2019-08-24,0.0,349.41474999999997,350.204,0.0,0.0,0.0,349.856,349.37529166666667,False,0.0,0.0,0.0,0.0
2019-08-25,0.0,349.33825,349.674,0.0,0.0,0.0,350.204,349.41474999999997,False,0.0,0.0,0.0,0.0
2019-08-26,0.0,349.36383333333333,349.44,0.0,0.0,0.0,349.674,349.33825,False,0.0,0.0,0.0,0.0
2019-08-27,0.0,349.293625,349.415,0.0,0.0,0.0,349.44,349.36383333333333,False,0.0,0.0,0.0,0.0
2019-08-28,0.0,349.28383333333335,349.796,0.0,0.0,0.0,349.415,349.293625,False,0.0,0.0,0.0,0.0
2019-08-29,0.0,349.13841666666667,349.42,0.0,0.0,0.0,349.796,349.28383333333335,False,0.0,0.0,0.0,0.0
2019-08-30,0.0,349.22316666666666,349.817,0.0,0.0,0.0,349.42,349.13841666666667,False,0.0,0.0,0.0,0.0
2019-08-31,0.0,348.9052916666667,349.71,0.0,0.0,0.0,349.817,349.22316666666666,False,0.0,0.0,0.0,0.0
2019-09-01,0.0,349.07170833333333,349.394,0.0,0.0,0.0,349.71,348.9052916666667,True,0.0,0.0,0.0,0.0
2019-09-02,0.0,349.27524999999997,349.687,0.0,0.0,0.0,349.394,349.07170833333333,True,0.0,0.0,0.0,0.0
2019-09-03,0.0,349.3648333333333,349.773,0.0,0.0,0.0,349.687,349.27524999999997,True,0.0,0.0,0.0,0.0
2019-09-04,0.0,349.27329166666664,349.412,0.0,0.0,0.0,349.773,349.3648333333333,False,0.0,0.0,0.0,0.0
2019-09-05,0.0,349.3960833333333,349.881,0.0,0.0,0.0,349.412,349.27329166666664,False,0.0,0.0,0.0,0.0
2019-09-06,0.0,349.445625,349.895,0.0,0.0,0.0,349.881,349.3960833333333,False,0.0,0.0,0.0,0.0
2019-09-07,7.907428986,349.3199583333333,349.498,0.0,0.0,0.0,349.895,349.445625,False,0.0,0.0,0.0,0.0
2019-09-08,28.948915812,349.32212499999997,349.757,7.907428986,7.907428986000004,7.907428986,349.498,349.3199583333333,False,0.0,0.0,0.0,0.0
2019-09-09,3.078704088,349.3537083333333,349.588,28.948915812,36.856344798,36.856344798,349.757,349.32212499999997,False,0.0,0.0,0.0,0.0
2019-09-10,4.233778154,349.16195833333336,349.32,3.078704088,39.935048886000004,39.935048886,349.588,349.3537083333333,False,0.0,0.0,0.0,0.0
2019-09-11,0.331352403,349.1741666666667,349.289,4.233778154,36.261398054000004,44.16882704,349.32,349.16195833333336,False,0.0,0.0,0.0,0.0
2019-09-12,2.103228037,349.0925833333333,349.268,0.331352403,7.643834645000004,44.500179443,349.289,349.1741666666667,False,0.0,0.0,0.0,0.0
2019-09-13,0.0,349.1737083333333,349.317,2.103228037,6.6683585940000025,46.60340748,349.268,349.0925833333333,False,0.0,0.0,0.0,0.0
2019-09-14,0.0,349.12354166666665,349.308,0.0,2.4345804400000035,46.60340748,349.317,349.1737083333333,False,0.0,0.0,0.0,0.0
2019-09-15,0.0,349.10337499999997,349.302,0.0,2.1032280370000036,38.695978494,349.308,349.12354166666665,False,0.0,0.0,0.0,0.0
2019-09-16,0.0,349.21037500000006,349.593,0.0,0.0,9.747062682,349.302,349.10337499999997,False,0.0,0.0,0.0,0.0
2019-09-17,0.0,349.299125,349.493,0.0,0.0,6.668358593999999,349.593,349.21037500000006,False,0.0,0.0,0.0,0.0
2019-09-18,0.0,349.336,349.661,0.0,0.0,2.43458044,349.493,349.299125,False,0.0,0.0,0.0,0.0
2019-09-19,0.0,349.04850000000005,349.552,0.0,0.0,2.103228037,349.661,349.336,False,0.0,0.0,0.0,0.0
2019-09-20,0.0,349.2465833333333,349.597,0.0,0.0,0.0,349.552,349.04850000000005,False,0.0,0.0,0.0,0.0
2019-09-21,0.0,349.22812500000003,349.49,0.0,0.0,0.0,349.597,349.2465833333333,False,0.0,0.0,0.0,0.0
2019-09-22,0.0,349.23675000000003,349.285,0.0,0.0,0.0,349.49,349.22812500000003,False,0.0,0.0,0.0,0.0
2019-09-23,0.0,349.3362916666667,349.617,0.0,0.0,0.0,349.285,349.23675000000003,False,0.0,0.0,0.0,0.0
2019-09-24,0.0,349.2070833333333,349.286,0.0,0.0,0.0,349.617,349.3362916666667,False,0.0,0.0,0.0,0.0
2019-09-25,0.0,349.18379166666665,349.351,0.0,0.0,0.0,349.286,349.2070833333333,False,0.0,0.0,0.0,0.0
2019-09-26,0.0,349.11233148967557,349.203,0.0,0.0,0.0,349.351,349.18379166666665,False,0.0,0.0,0.0,0.0
2019-10-01,0.0,348.94393464324,348.947,0.0,0.0,0.0,349.203,349.11233148967557,True,0.0,0.0,0.0,0.0
2020-06-29,0.0,348.38740720176634,349.359,0.0,0.0,0.0,348.947,348.94393464324,True,0.0,0.0,0.0,0.0
2020-09-08,2.365798265,72.74916666666667,145.49833333333333,0.0,0.0,0.0,349.359,348.38740720176634,False,0.0,0.0,0.0,0.0
2020-09-09,0.19244628500000002,323.7475416666667,349.234,2.365798265,2.3657982650000036,2.365798265,145.49833333333333,72.74916666666667,False,0.0,0.0,0.0,0.0
2020-09-10,1.043686344,349.2242083333333,349.247,0.19244628500000002,2.5582445500000035,2.55824455,349.234,323.7475416666667,False,0.0,0.0,0.0,0.0
2020-09-11,0.314056102,349.2265613207547,349.248,1.043686344,3.601930894000003,3.6019308939999997,349.247,349.2242083333333,False,0.0,0.0,0.0,0.0
2020-09-12,2.230869081,349.2352830188679,349.2361886792453,0.314056102,1.5501887310000035,3.915986996,349.248,349.2265613207547,False,0.0,0.0,0.0,0.0
2020-09-13,0.0,349.222,349.222,2.230869081,3.5886115270000034,6.146856077,349.2361886792453,349.2352830188679,False,0.0,0.0,0.0,0.0
2020-09-14,0.0,349.2353333333333,349.253,0.0,2.5449251830000037,6.146856077,349.222,349.222,False,0.0,0.0,0.0,0.0
2020-09-15,0.0,349.197375,349.298,0.0,2.2308690810000034,6.146856077,349.253,349.2353333333333,False,0.0,0.0,0.0,0.0
2020-09-16,0.0,349.07725,349.144,0.0,0.0,3.781057812,349.298,349.197375,False,0.0,0.0,0.0,0.0
2020-09-17,0.0,349.03187499999996,349.067,0.0,0.0,3.588611527,349.144,349.07725,False,0.0,0.0,0.0,0.0
2020-09-18,0.0,349.0505416666667,349.308,0.0,0.0,2.544925183,349.067,349.03187499999996,False,0.0,0.0,0.0,0.0
2020-09-19,0.0,349.16633333333334,349.289,0.0,0.0,2.230869081,349.308,349.0505416666667,False,0.0,0.0,0.0,0.0
2020-09-20,0.0,349.10560416666664,349.225,0.0,0.0,0.0,349.289,349.16633333333334,False,0.0,0.0,0.0,0.0
2020-09-21,0.0,349.11375,349.151,0.0,0.0,0.0,349.225,349.10560416666664,False,0.0,0.0,0.0,0.0
2020-09-22,0.0,349.22425,349.433,0.0,0.0,0.0,349.151,349.11375,False,0.0,0.0,0.0,0.0
2020-09-23,0.0,349.2184391304348,349.252,0.0,0.0,0.0,349.433,349.22425,False,0.0,0.0,0.0,0.0
2020-09-24,0.0,349.2066666666667,349.441,0.0,0.0,0.0,349.252,349.2184391304348,False,0.0,0.0,0.0,0.0
2020-09-25,0.0,349.24199999999996,349.471,0.0,0.0,0.0,349.441,349.2066666666667,False,0.0,0.0,0.0,0.0
2020-09-26,0.0,349.2846666666667,349.416,0.0,0.0,0.0,349.471,349.24199999999996,False,0.0,0.0,0.0,0.0
2020-09-27,0.0,349.25712500000003,349.38,0.0,0.0,0.0,349.416,349.2846666666667,False,0.0,0.0,0.0,0.0
2020-09-28,0.0,349.13310416666667,349.213,0.0,0.0,0.0,349.38,349.25712500000003,False,0.0,0.0,0.0,0.0
2020-09-29,0.0,348.97320833333333,349.234,0.0,0.0,0.0,349.213,349.13310416666667,False,0.0,0.0,0.0,0.0
2020-09-30,0.0,349.1671666666667,349.329,0.0,0.0,0.0,349.234,348.97320833333333,False,0.0,0.0,0.0,0.0
2020-10-01,0.064966153,349.2272083333333,349.303,0.0,0.0,0.0,349.329,349.1671666666667,False,0.0,0.0,0.0,0.0
2020-10-02,0.488807665,349.2295833333333,349.315,0.064966153,0.06496615300000355,0.064966153,349.303,349.2272083333333,False,0.0,0.0,0.0,0.0
2020-10-03,1.6032160739999999,349.218,349.24,0.488807665,0.5537738180000036,0.553773818,349.315,349.2295833333333,False,0.0,0.0,0.0,0.0
2020-10-04,1.157980309,349.1625833333333,349.278,1.6032160739999999,2.1569898920000035,2.156989892,349.24,349.218,False,0.0,0.0,0.0,0.0
2020-10-05,7.338485385,349.2060833333333,349.246,1.157980309,3.2500040480000036,3.314970201,349.278,349.1625833333333,False,0.0,0.0,0.0,0.0
2020-10-06,3.795014581,349.05424999999997,349.226,7.338485385,10.099681768000004,10.653455586,349.246,349.2060833333333,False,0.0,0.0,0.0,0.0
2020-10-07,10.798997525999999,348.79325,348.864,3.795014581,12.291480275000005,14.448470167,349.226,349.05424999999997,False,0.0,0.0,0.0,0.0
2020-10-08,9.622534301,348.74670833333334,348.848,10.798997525999999,21.932497492000003,25.247467692999997,348.864,348.79325,False,0.0,0.0,0.0,0.0
2020-10-09,2.26668796,348.68291666666664,348.798,9.622534301,24.216546408000003,34.805035841,348.848,348.74670833333334,False,0.0,0.0,0.0,0.0
2020-10-10,0.200958687,348.7140416666667,348.832,2.26668796,22.688219787,36.582916135999994,348.798,348.68291666666664,False,0.0,0.0,0.0,0.0
2020-10-11,2.450014438,348.7196666666667,348.854,0.200958687,12.090180948000004,35.180658749,348.832,348.7140416666667,False,0.0,0.0,0.0,0.0
2020-10-12,0.938262788,348.68177083333336,348.856,2.450014438,4.917661085000004,36.472692878,348.854,348.7196666666667,False,0.0,0.0,0.0,0.0
2020-10-13,0.0,348.719,348.894,0.938262788,3.5892359130000036,30.072470281,348.856,348.68177083333336,False,0.0,0.0,0.0,0.0
2020-10-14,0.0,348.79020833333334,348.901,0.0,3.3882772260000036,26.2774557,348.894,348.719,False,0.0,0.0,0.0,0.0
2020-10-15,0.0,348.7293333333334,349.278,0.0,0.9382627880000035,15.478458174,348.901,348.79020833333334,False,0.0,0.0,0.0,0.0
2020-10-16,0.0,348.7768125,348.91,0.0,0.0,5.855923873,349.278,348.7293333333334,False,0.0,0.0,0.0,0.0
2020-10-17,0.0,348.78416666666664,348.859,0.0,0.0,3.589235913,348.91,348.7768125,False,0.0,0.0,0.0,0.0
2020-10-18,0.0,348.6272916666667,348.812,0.0,0.0,3.388277226,348.859,348.78416666666664,False,0.0,0.0,0.0,0.0
2020-10-19,0.0,348.84939583333335,349.119,0.0,0.0,0.938262788,348.812,348.6272916666667,False,0.0,0.0,0.0,0.0
2020-10-20,0.0,348.7319583333333,349.057,0.0,0.0,0.0,349.119,348.84939583333335,False,0.0,0.0,0.0,0.0
2020-10-21,0.0,348.6764166666667,348.907,0.0,0.0,0.0,349.057,348.7319583333333,False,0.0,0.0,0.0,0.0
2020-10-22,0.0,348.64591666666666,348.886,0.0,0.0,0.0,348.907,348.6764166666667,False,0.0,0.0,0.0,0.0
2020-10-23,0.0,348.69197916666667,348.93,0.0,0.0,0.0,348.886,348.64591666666666,False,0.0,0.0,0.0,0.0
2020-10-25,0.0,348.209,348.209,0.0,0.0,0.0,348.93,348.69197916666667,False,0.0,0.0,0.0,0.0
2020-10-26,0.0,348.7322291666667,348.838,0.0,0.0,0.0,348.209,348.209,False,0.0,0.0,0.0,0.0
2020-10-27,0.0,348.6529375,348.927,0.0,0.0,0.0,348.838,348.7322291666667,False,0.0,0.0,0.0,0.0
2020-10-28,0.0,348.7141041666667,348.877,0.0,0.0,0.0,348.927,348.6529375,False,0.0,0.0,0.0,0.0
2020-10-29,0.0,348.7829583333333,348.977,0.0,0.0,0.0,348.877,348.7141041666667,False,0.0,0.0,0.0,0.0
2020-10-30,0.0,348.7767857142857,349.105,0.0,0.0,0.0,348.977,348.7829583333333,False,0.0,0.0,0.0,0.0
2020-10-31,0.0,348.8282291666667,349.04,0.0,0.0,0.0,349.105,348.7767857142857,False,0.0,0.0,0.0,0.0
2020-11-01,1.536099723,348.8185833333334,349.433,0.0,0.0,0.0,349.04,348.8282291666667,False,0.0,0.0,0.0,0.0
2020-11-02,2.036617133,348.85591666666664,349.066,1.536099723,1.5360997230000035,1.536099723,349.433,348.8185833333334,False,0.0,0.0,0.0,0.0
2020-11-03,34.640831657,348.6697916666667,348.934,2.036617133,3.5727168560000035,3.572716856,349.066,348.85591666666664,False,0.0,0.0,0.0,0.0
2020-11-04,0.127325365,348.7311666666667,348.977,34.640831657,38.213548513000006,38.213548513,348.934,348.6697916666667,False,0.0,0.0,0.0,0.0
2020-11-05,3.64541821,348.8141666666667,349.032,0.127325365,36.804774155000004,38.340873878,348.977,348.7311666666667,False,0.0,0.0,0.0,0.0
2020-11-06,1.949029732,348.879875,349.111,3.64541821,38.41357523200001,41.986292088,349.032,348.8141666666667,False,0.0,0.0,0.0,0.0
2020-11-07,34.712168278,348.80958333333336,349.023,1.949029732,5.7217733070000065,43.93532182,349.111,348.879875,False,0.0,0.0,0.0,0.0
2020-11-08,6.827009537,348.51383333333337,349.1,34.712168278,40.30661622000001,78.64749009799999,349.023,348.80958333333336,False,0.0,0.0,0.0,0.0
2020-11-09,2.381093745,348.74541666666664,349.132,6.827009537,43.48820754700001,83.938399912,349.1,348.51383333333337,False,0.0,0.0,0.0,0.0
2020-11-10,0.42233124499999997,348.91504166666664,349.118,2.381093745,43.92027156000001,84.282876524,349.132,348.74541666666664,False,0.0,0.0,0.0,0.0
2020-11-11,1.371019838,348.8442916666666,349.088,0.42233124499999997,9.630434527000007,50.064376112,349.118,348.91504166666664,False,0.0,0.0,0.0,0.0
2020-11-12,20.033315802,348.70604166666664,349.041,1.371019838,4.1744448280000075,51.308070585,349.088,348.8442916666666,False,0.0,0.0,0.0,0.0
2020-11-13,0.0,348.77425,349.053,20.033315802,21.82666688500001,67.695968177,349.041,348.70604166666664,False,0.0,0.0,0.0,0.0
2020-11-14,0.0,348.36825,349.299,0.0,21.40433564000001,65.746938445,349.053,348.77425,False,0.0,0.0,0.0,0.0
2020-11-15,0.0,348.2392916666667,349.226,0.0,20.033315802000008,31.034770167,349.299,348.36825,True,0.0,0.0,0.0,0.0
2020-11-16,0.0,348.9318333333333,349.79,0.0,0.0,24.207760630000003,349.226,348.2392916666667,True,0.0,0.0,0.0,0.0
2020-11-17,0.0,348.63599999999997,349.287,0.0,0.0,21.826666885,349.79,348.9318333333333,True,0.0,0.0,0.0,0.0
2020-11-18,0.0,348.62183333333337,348.816,0.0,0.0,21.404335640000003,349.287,348.63599999999997,True,0.0,0.0,0.0,0.0
2020-11-19,0.0,348.69635416666665,349.079,0.0,0.0,20.033315802,348.816,348.62183333333337,True,0.0,0.0,0.0,0.0
2020-11-20,0.0,348.5160416666667,348.971,0.0,0.0,0.0,349.079,348.69635416666665,True,0.0,0.0,0.0,0.0
2020-11-21,0.0,348.72675000000004,349.27,0.0,0.0,0.0,348.971,348.5160416666667,True,0.0,0.0,0.0,0.0
2020-11-22,0.0,348.76554166666665,349.156,0.0,0.0,0.0,349.27,348.72675000000004,False,0.0,0.0,0.0,0.0
2020-11-23,0.0,348.9428958333333,349.104,0.0,0.0,0.0,349.156,348.76554166666665,False,0.0,0.0,0.0,0.0
2020-11-24,0.0,348.7047083333334,349.11,0.0,0.0,0.0,349.104,348.9428958333333,False,0.0,0.0,0.0,0.0
2020-11-25,0.0,348.4724222996516,348.531,0.0,0.0,0.0,349.11,348.7047083333334,False,0.0,0.0,0.0,0.0
2020-12-30,0.0,347.475,347.475,0.0,0.0,0.0,348.531,348.4724222996516,False,0.0,0.0,0.0,0.0
2020-12-31,0.0,348.3597678571429,348.946,0.0,0.0,0.0,347.475,347.475,0.0,0.0,0.0,0.0,0.0
2021-01-01,2.240475961,348.64016666666663,349.139,0.0,0.0,0.0,348.946,348.3597678571429,False,0.0,0.0,0.0,0.0
2021-01-02,0.6717902649999999,347.92329166666667,349.045,2.240475961,2.240475961000007,2.240475961,349.139,348.64016666666663,False,0.0,0.0,0.0,0.0
2021-01-03,0.445800434,348.1268333333333,349.226,0.6717902649999999,2.912266226000007,2.912266226,349.045,347.92329166666667,False,0.0,0.0,0.0,0.0
2021-01-04,0.210299832,348.1634166666667,349.171,0.445800434,3.358066660000007,3.35806666,349.226,348.1268333333333,False,0.0,0.0,0.0,0.0
2021-01-05,2.2284830959999997,347.86041666666665,349.11,0.210299832,1.327890531000007,3.568366492,349.171,348.1634166666667,False,0.0,0.0,0.0,0.0
2021-01-06,3.7846314530000003,324.77098024691355,347.058,2.2284830959999997,2.884583362000007,5.796849588,349.11,347.86041666666665,False,0.0,0.0,0.0,0.0
2021-01-09,0.443217932,321.5973846153846,348.453,3.7846314530000003,6.223414381000007,9.581481041,347.058,324.77098024691355,False,0.0,0.0,0.0,0.0
2021-01-10,0.711697388,348.35566666666665,348.835,0.443217932,6.456332481000008,10.024698973,348.453,321.5973846153846,False,0.0,0.0,0.0,0.0
2021-01-11,0.12989467999999998,348.309875,348.95,0.711697388,4.939546773000008,8.495920400000001,348.835,348.35566666666665,False,0.0,0.0,0.0,0.0
2021-01-12,2.97640719,348.95545833333335,349.045,0.12989467999999998,1.2848100000000071,7.954024815,348.95,348.309875,False,0.0,0.0,0.0,0.0
2021-01-13,0.0,348.9785677083334,349.045,2.97640719,3.8179992580000075,10.484631571,349.045,348.95545833333335,False,0.0,0.0,0.0,0.0
2021-01-14,0.0,348.74552380952383,349.436,0.0,3.106301870000007,10.274331739,349.045,348.9785677083334,False,0.0,0.0,0.0,0.0
2021-01-15,0.0,348.8930416666667,348.992,0.0,2.9764071900000073,8.045848643,349.436,348.74552380952383,False,0.0,0.0,0.0,0.0
2021-01-16,0.0,348.4830416666667,348.813,0.0,0.0,4.26121719,348.992,348.8930416666667,False,0.0,0.0,0.0,0.0
2021-01-17,0.0,348.62691666666666,348.944,0.0,0.0,3.817999258,348.813,348.4830416666667,False,0.0,0.0,0.0,0.0
2021-01-18,0.0,348.58004166666666,348.604,0.0,0.0,3.1063018700000002,348.944,348.62691666666666,False,0.0,0.0,0.0,0.0
2021-01-19,0.0,348.60725,349.032,0.0,0.0,2.97640719,348.604,348.58004166666666,False,0.0,0.0,0.0,0.0
2021-01-20,0.0,348.453125,348.472,0.0,0.0,0.0,349.032,348.60725,False,0.0,0.0,0.0,0.0
2021-01-21,0.0,348.3748333333333,349.098,0.0,0.0,0.0,348.472,348.453125,False,0.0,0.0,0.0,0.0
2021-01-22,0.0,347.004875,347.023,0.0,0.0,0.0,349.098,348.3748333333333,False,0.0,0.0,0.0,0.0
2021-01-23,0.0,346.97280952380953,346.977,0.0,0.0,0.0,347.023,347.004875,False,0.0,0.0,0.0,0.0
2021-01-24,0.0,346.86592207955687,347.906,0.0,0.0,0.0,346.977,346.97280952380953,False,0.0,0.0,0.0,0.0
2021-01-25,0.0,345.73707955689827,345.9117824773414,0.0,0.0,0.0,347.906,346.86592207955687,False,0.0,0.0,0.0,0.0
2021-05-28,0.0,72.64208333333335,145.2841666666667,0.0,0.0,0.0,345.9117824773414,345.73707955689827,False,0.0,0.0,0.0,0.0
2021-05-29,0.0,316.62156315789474,348.8428,0.0,0.0,0.0,145.2841666666667,72.64208333333335,False,0.0,0.0,0.0,0.0
2021-05-30,0.0,348.92304545454544,349.092,0.0,0.0,0.0,348.8428,316.62156315789474,False,0.0,0.0,0.0,0.0
2021-05-31,0.0,348.68445833333334,349.087,0.0,0.0,0.0,349.092,348.92304545454544,False,0.0,0.0,0.0,0.0
2021-06-01,3.909491949,348.34158333333335,349.054,0.0,0.0,0.0,349.087,348.68445833333334,False,0.0,0.0,0.0,0.0
2021-06-02,0.08132057100000001,349.1178333333333,349.305,3.909491949,3.909491949000007,3.909491949,349.054,348.34158333333335,False,0.0,0.0,0.0,0.0
2021-06-03,0.867308786,348.9373333333333,349.308,0.08132057100000001,3.990812520000007,3.99081252,349.305,349.1178333333333,False,0.0,0.0,0.0,0.0
2021-06-04,15.859304947,348.7223727272727,349.04,0.867308786,4.858121306000007,4.858121306,349.308,348.9373333333333,False,0.0,0.0,0.0,0.0
2021-06-05,5.712651542,348.8567083333333,349.178,15.859304947,16.807934304000007,20.717426253,349.04,348.7223727272727,False,0.0,0.0,0.0,0.0
2021-06-06,1.283248442,349.0924166666667,349.316,5.712651542,22.439265275000007,26.430077795000003,349.178,348.8567083333333,False,0.0,0.0,0.0,0.0
2021-06-07,1.683046314,348.9837916666667,349.153,1.283248442,22.855204931000006,27.713326237,349.316,349.0924166666667,False,0.0,0.0,0.0,0.0
2021-06-08,1.219379614,349.1895416666667,349.51,1.683046314,8.678946298000007,29.396372551000002,349.153,348.9837916666667,False,0.0,0.0,0.0,0.0
2021-06-09,2.569310814,349.2091666666667,349.36,1.219379614,4.185674370000007,26.706260216,349.51,349.1895416666667,False,0.0,0.0,0.0,0.0
2021-06-10,0.20254255499999999,349.18758333333335,349.694,2.569310814,5.471736742000007,29.194250459000003,349.36,349.2091666666667,False,0.0,0.0,0.0,0.0
2021-06-11,0.556181149,349.07958333333335,349.55,0.20254255499999999,3.991232983000007,28.529484228,349.694,349.18758333333335,False,0.0,0.0,0.0,0.0
2021-06-12,1.007520756,349.00635416666665,349.338,0.556181149,3.328034518000007,13.226360430000002,349.55,349.07958333333335,True,0.0,0.0,0.0,0.0
2021-06-13,0.0,349.0619166666667,349.339,1.007520756,1.766244460000007,8.521229644000002,349.338,349.00635416666665,True,0.0,0.0,0.0,0.0
2021-06-14,0.0,349.11969090909093,349.592,0.0,1.563701905000007,7.237981202000002,349.339,349.0619166666667,True,0.0,0.0,0.0,0.0
2021-06-15,0.0,349.176375,349.399,0.0,1.007520756000007,5.554934888000002,349.592,349.11969090909093,True,0.0,0.0,0.0,0.0
2021-06-16,0.0,349.12037499999997,349.322,0.0,0.0,4.335555274000002,349.399,349.176375,False,0.0,0.0,0.0,0.0
2021-06-17,0.0,349.2605833333334,349.433,0.0,0.0,1.7662444600000016,349.322,349.12037499999997,False,0.0,0.0,0.0,0.0
2021-06-18,0.0,349.3066666666667,349.549,0.0,0.0,1.5637019050000016,349.433,349.2605833333334,False,0.0,0.0,0.0,0.0
2021-06-19,0.0,349.2291666666667,349.375,0.0,0.0,1.0075207560000017,349.549,349.3066666666667,False,0.0,0.0,0.0,0.0
2021-06-20,0.0,348.5924166666667,349.226,0.0,0.0,0.0,349.375,349.2291666666667,False,0.0,0.0,0.0,0.0
2021-06-21,0.0,349.0271697530864,349.509,0.0,0.0,0.0,349.226,348.5924166666667,False,0.0,0.0,0.0,0.0
2021-06-22,0.0,349.4887703703704,349.523,0.0,0.0,0.0,349.509,349.0271697530864,False,0.0,0.0,0.0,0.0
2021-06-23,0.0,349.1483125,349.496,0.0,0.0,0.0,349.523,349.4887703703704,False,0.0,0.0,0.0,0.0
2021-06-24,0.0,348.9456374853114,349.428,0.0,0.0,0.0,349.496,349.1483125,False,0.0,0.0,0.0,0.0
2021-06-25,0.0,347.752,347.752,0.0,0.0,0.0,349.428,348.9456374853114,False,0.0,0.0,0.0,0.0
2021-06-26,0.0,349.2561666666666,349.519,0.0,0.0,0.0,347.752,347.752,False,0.0,0.0,0.0,0.0
2021-06-27,0.0,349.45937499999997,349.734,0.0,0.0,0.0,349.519,349.2561666666666,False,0.0,0.0,0.0,0.0
2021-06-28,0.0,349.679,349.691,0.0,0.0,0.0,349.734,349.45937499999997,False,0.0,0.0,0.0,0.0
2021-07-08,0.30944035999999997,349.2086994219653,349.209,0.0,0.0,0.0,349.691,349.679,False,0.0,0.0,0.0,0.0
2021-08-20,0.0,349.10275,349.157,0.30944035999999997,0.3094403600000071,0.30944036000000175,349.209,349.2086994219653,False,0.0,0.0,0.0,0.0
2021-08-21,0.0,348.94393562708103,348.94787125416207,0.0,0.3094403600000071,0.30944036000000175,349.157,349.10275,False,0.0,0.0,0.0,0.0
2021-09-27,0.0,349.41575,349.628,0.0,0.3094403600000071,0.30944036000000175,348.94787125416207,348.94393562708103,False,0.0,0.0,0.0,0.0
2021-09-28,0.0,349.225875,349.479,0.0,0.0,0.30944036000000175,349.628,349.41575,False,0.0,0.0,0.0,0.0
2021-09-29,0.0,349.19420833333334,349.437,0.0,0.0,0.30944036000000175,349.479,349.225875,False,0.0,0.0,0.0,0.0
2021-09-30,0.0,349.3283489583334,349.417,0.0,0.0,0.30944036000000175,349.437,349.19420833333334,False,0.0,0.0,0.0,0.0
2021-10-01,0.267179519,349.3483977411478,349.417,0.0,0.0,0.30944036000000175,349.417,349.3283489583334,False,0.0,0.0,0.0,0.0
2021-10-02,0.08203453100000001,349.3014487179487,349.3028205128205,0.267179519,0.2671795190000071,0.26717951900000175,349.417,349.3483977411478,True,0.0,0.0,0.0,0.0
2021-10-03,1.8293101170000001,348.41425,349.428,0.08203453100000001,0.3492140500000071,0.3492140500000018,349.3028205128205,349.3014487179487,True,0.0,0.0,0.0,0.0
2021-10-04,0.03828268,334.68170833333335,349.481,1.8293101170000001,2.178524167000007,2.1785241670000017,349.428,348.41425,True,0.0,0.0,0.0,0.0
2021-10-05,2.8017716979999996,347.6755590062112,349.427,0.03828268,1.9496273280000074,2.2168068470000017,349.481,334.68170833333335,True,0.0,0.0,0.0,0.0
2021-10-06,26.835782497,317.81058333333334,346.717,2.8017716979999996,4.669364495000007,5.018578545000001,349.427,347.6755590062112,True,0.0,0.0,0.0,0.0
2021-10-07,4.341021829,346.6992083333334,346.708,26.835782497,29.67583687500001,31.854361042,346.717,317.81058333333334,True,0.0,0.0,0.0,0.0
2021-10-08,6.161812100000001,72.22758333333333,346.696,4.341021829,33.978576024000006,36.195382871,346.708,346.6992083333334,True,0.0,0.0,0.0,0.0
2021-10-09,6.186277454000001,0.0,0.0,6.161812100000001,37.33861642600001,42.090015451999996,346.696,72.22758333333333,False,0.0,0.0,0.0,0.0
2021-10-10,0.557670288,0.0,0.0,6.186277454000001,16.689111383000007,48.194258375000004,0.0,0.0,False,0.0,0.0,0.0,0.0
2021-10-11,0.068209458,0.0,0.0,0.557670288,12.905759842000009,46.922618546,0.0,0.0,False,0.0,0.0,0.0,0.0
2021-10-12,0.372314079,0.0,0.0,0.068209458,6.812157200000008,46.952545324,0.0,0.0,False,0.0,0.0,0.0,0.0
2021-10-13,0.0,0.0,0.0,0.372314079,0.9981938250000071,44.523087705,0.0,0.0,False,0.0,0.0,0.0,0.0
2021-10-14,0.0,19.056088235294116,49.839,0.0,0.4405235370000071,17.687305208,0.0,0.0,False,0.0,0.0,0.0,0.0
2021-10-17,0.0,348.8764375,348.881,0.0,0.3723140790000071,13.346283379000003,49.839,19.056088235294116,False,0.0,0.0,0.0,0.0
2021-10-18,0.0,348.8917916666667,348.903,0.0,0.0,7.184471279,348.881,348.8764375,False,0.0,0.0,0.0,0.0
2021-10-19,0.0,348.9035416666666,348.915,0.0,0.0,0.998193825,348.903,348.8917916666667,False,0.0,0.0,0.0,0.0
2021-10-20,0.0,348.91275,348.923,0.0,0.0,0.440523537,348.915,348.9035416666666,False,0.0,0.0,0.0,0.0
2021-10-21,0.0,348.9287708333333,348.973,0.0,0.0,0.372314079,348.923,348.91275,False,0.0,0.0,0.0,0.0
2021-10-22,0.0,347.20395833333333,348.91,0.0,0.0,0.0,348.973,348.9287708333333,False,0.0,0.0,0.0,0.0
2021-10-23,0.0,346.7238333333333,346.816,0.0,0.0,0.0,348.91,347.20395833333333,True,0.0,0.0,0.0,0.0
2021-10-24,0.0,317.7760416666667,346.73,0.0,0.0,0.0,346.816,346.7238333333333,True,0.0,0.0,0.0,0.0
2021-10-25,0.0,275.6661666666667,349.305,0.0,0.0,0.0,346.73,317.7760416666667,True,0.0,0.0,0.0,0.0
2021-10-26,0.0,245.92075,348.832,0.0,0.0,0.0,349.305,275.6661666666667,True,0.0,0.0,0.0,0.0
2021-10-27,0.0,289.9644583333333,349.302,0.0,0.0,0.0,348.832,245.92075,True,0.0,0.0,0.0,0.0
2021-10-28,0.0,304.0743333333333,348.022,0.0,0.0,0.0,349.302,289.9644583333333,True,0.0,0.0,0.0,0.0
2021-10-29,0.0,348.1034583333333,349.037,0.0,0.0,0.0,348.022,304.0743333333333,True,0.0,0.0,0.0,0.0
2021-10-30,0.0,347.8134166666667,348.819,0.0,0.0,0.0,349.037,348.1034583333333,False,0.0,0.0,0.0,0.0
2021-10-31,0.0,334.4074166666667,349.028,0.0,0.0,0.0,348.819,347.8134166666667,False,0.0,0.0,0.0,0.0
2021-11-01,0.979757827,349.1074791666667,349.368,0.0,0.0,0.0,349.028,334.4074166666667,False,0.0,0.0,0.0,0.0
2021-11-02,0.165602546,348.312875,349.037,0.979757827,0.9797578270000071,0.979757827,349.368,349.1074791666667,False,0.0,0.0,0.0,0.0
2021-11-03,1.064529444,347.1112083333333,348.342,0.165602546,1.145360373000007,1.145360373,349.037,348.312875,False,0.0,0.0,0.0,0.0
2021-11-04,0.426720425,332.88308333333333,348.549,1.064529444,2.2098898170000068,2.2098898169999996,348.342,347.1112083333333,False,0.0,0.0,0.0,0.0
2021-11-05,4.479714543,348.17137499999995,349.033,0.426720425,1.656852415000007,2.6366102419999997,348.549,332.88308333333333,False,0.0,0.0,0.0,0.0
2021-11-06,2.935813742,348.78074999999995,349.082,4.479714543,5.970964412000007,7.116324785,349.033,348.17137499999995,False,0.0,0.0,0.0,0.0
2021-11-07,17.99804455,349.0355,349.095,2.935813742,7.842248710000007,10.052138527,349.082,348.78074999999995,False,0.0,0.0,0.0,0.0
2021-11-08,1.7932123439999998,348.5254791666666,349.26,17.99804455,25.413572835000007,28.050183077,349.095,349.0355,False,0.0,0.0,0.0,0.0
2021-11-09,18.233250137,348.22616666666664,349.153,1.7932123439999998,22.727070636000008,28.863637594,349.26,348.5254791666666,False,0.0,0.0,0.0,0.0
2021-11-10,0.175933277,348.7336666666667,349.243,18.233250137,38.024507031000006,46.931285185,349.153,348.22616666666664,False,0.0,0.0,0.0,0.0
2021-11-11,0.066523897,348.968375,349.069,0.175933277,20.202395758000005,46.042689018,349.243,348.7336666666667,False,0.0,0.0,0.0,0.0
2021-11-12,0.250038315,348.6981666666666,349.195,0.066523897,18.475707311000004,45.68249249,349.069,348.968375,False,0.0,0.0,0.0,0.0
2021-11-13,0.0,348.97504166666664,349.125,0.250038315,0.4924954890000071,41.452816262,349.195,348.6981666666666,False,0.0,0.0,0.0,0.0
2021-11-14,0.0,348.5715416666667,348.984,0.0,0.3165622120000071,38.51700252,349.125,348.97504166666664,False,0.0,0.0,0.0,0.0
2021-11-15,0.0,349.0710833333333,349.144,0.0,0.2500383150000071,20.51895797,348.984,348.5715416666667,False,0.0,0.0,0.0,0.0
2021-11-16,0.0,349.04045833333333,349.23,0.0,0.0,18.725745626,349.144,349.0710833333333,False,0.0,0.0,0.0,0.0
2021-11-17,0.0,348.97712499999994,349.157,0.0,0.0,0.492495489,349.23,349.04045833333333,False,0.0,0.0,0.0,0.0
2021-11-18,0.0,349.033375,349.153,0.0,0.0,0.316562212,349.157,348.97712499999994,False,0.0,0.0,0.0,0.0
2021-11-19,0.0,348.9577916666667,349.2,0.0,0.0,0.250038315,349.153,349.033375,False,0.0,0.0,0.0,0.0
2021-11-20,0.0,349.04833333333335,349.38,0.0,0.0,0.0,349.2,348.9577916666667,False,0.0,0.0,0.0,0.0
2021-11-21,0.0,348.9674166666667,349.195,0.0,0.0,0.0,349.38,349.04833333333335,False,0.0,0.0,0.0,0.0
2021-11-22,0.0,348.96541666666667,349.226,0.0,0.0,0.0,349.195,348.9674166666667,False,0.0,0.0,0.0,0.0
2021-11-23,0.0,349.1000833333333,349.424,0.0,0.0,0.0,349.226,348.96541666666667,False,0.0,0.0,0.0,0.0
2021-11-24,0.0,349.05850000000004,349.326,0.0,0.0,0.0,349.424,349.1000833333333,False,0.0,0.0,0.0,0.0
2021-11-25,0.0,348.981125,349.248,0.0,0.0,0.0,349.326,349.05850000000004,False,0.0,0.0,0.0,0.0
2021-11-26,0.0,348.98825000000005,349.261,0.0,0.0,0.0,349.248,348.981125,False,0.0,0.0,0.0,0.0
2021-11-27,0.0,349.0251666666666,349.415,0.0,0.0,0.0,349.261,348.98825000000005,False,0.0,0.0,0.0,0.0
2021-11-28,0.0,349.0498333333333,349.289,0.0,0.0,0.0,349.415,349.0251666666666,False,0.0,0.0,0.0,0.0
2021-11-29,0.0,349.20629166666663,349.421,0.0,0.0,0.0,349.289,349.0498333333333,False,0.0,0.0,0.0,0.0
2021-11-30,0.0,349.0505,349.256,0.0,0.0,0.0,349.421,349.20629166666663,False,0.0,0.0,0.0,0.0
2021-12-01,0.625651531,348.888625,349.252,0.0,0.0,0.0,349.256,349.0505,True,0.0,0.0,0.0,0.0
2021-12-02,0.076923879,348.92008333333337,349.295,0.625651531,0.6256515310000071,0.625651531,349.252,348.888625,True,0.0,0.0,0.0,0.0
2021-12-03,5.170189303,348.702375,349.509,0.076923879,0.7025754100000071,0.70257541,349.295,348.92008333333337,True,0.0,0.0,0.0,0.0
2021-12-04,1.4527998309999999,348.91383333333334,349.239,5.170189303,5.872764713000007,5.872764713,349.509,348.702375,False,0.0,0.0,0.0,0.0
2021-12-05,12.84911356,348.58391666666665,349.208,1.4527998309999999,6.699913013000007,7.325564544,349.239,348.91383333333334,False,0.0,0.0,0.0,0.0
2021-12-06,14.969066085,348.61987500000004,349.351,12.84911356,19.472102694000007,20.174678103999998,349.208,348.58391666666665,False,0.0,0.0,0.0,0.0
2021-12-07,215.451828413,348.77875,349.266,14.969066085,29.270979476000008,35.143744188999996,349.351,348.61987500000004,False,0.0,0.0,0.0,0.0
2021-12-08,1.557077414,348.25908333333336,349.322,215.451828413,243.270008058,250.59557260199998,349.266,348.77875,False,0.0,0.0,0.0,0.0
2021-12-09,11.305039371,347.8760833333333,349.087,1.557077414,231.977971912,251.52699848499998,349.322,348.25908333333336,False,0.0,0.0,0.0,0.0
2021-12-10,0.09021854,348.8731666666667,349.584,11.305039371,228.31394519800003,262.75511397699995,349.087,347.8760833333333,False,0.0,0.0,0.0,0.0
2021-12-11,0.196283671,348.86965071770334,348.941,0.09021854,12.952335325000028,257.675143214,349.584,348.8731666666667,False,0.0,0.0,0.0,0.0
2021-12-12,0.0,348.903,348.903,0.196283671,11.591541582000028,256.418627054,348.941,348.86965071770334,False,0.0,0.0,0.0,0.0
2021-12-13,0.0,348.84835000000004,348.89,0.0,0.28650221100002843,243.56951349399998,348.903,348.903,False,0.0,0.0,0.0,0.0
2021-12-14,0.0,348.97545454545457,349.204,0.0,0.19628367100002841,228.600447409,348.89,348.84835000000004,False,0.0,0.0,0.0,0.0
2021-12-15,0.0,349.18775,349.395,0.0,0.0,13.148618996,349.204,348.97545454545457,False,0.0,0.0,0.0,0.0
2021-12-16,0.0,348.9177916666667,349.29,0.0,0.0,11.591541582,349.395,349.18775,False,0.0,0.0,0.0,0.0
2021-12-17,0.0,348.96675,349.365,0.0,0.0,0.286502211,349.29,348.9177916666667,False,0.0,0.0,0.0,0.0
2021-12-18,0.0,348.94854166666664,349.408,0.0,0.0,0.196283671,349.365,348.96675,False,0.0,0.0,0.0,0.0
2021-12-19,0.0,348.98075,349.203,0.0,0.0,0.0,349.408,348.94854166666664,False,0.0,0.0,0.0,0.0
2021-12-20,0.0,349.010875,349.348,0.0,0.0,0.0,349.203,348.98075,False,0.0,0.0,0.0,0.0
2021-12-21,0.0,349.01483333333334,349.462,0.0,0.0,0.0,349.348,349.010875,False,0.0,0.0,0.0,0.0
2021-12-22,0.0,349.08954166666666,349.385,0.0,0.0,0.0,349.462,349.01483333333334,False,0.0,0.0,0.0,0.0
2021-12-23,0.0,348.94379166666664,349.251,0.0,0.0,0.0,349.385,349.08954166666666,False,0.0,0.0,0.0,0.0
2021-12-24,0.0,348.916125,349.346,0.0,0.0,0.0,349.251,348.94379166666664,False,0.0,0.0,0.0,0.0
2021-12-25,0.0,348.7012424242424,348.976,0.0,0.0,0.0,349.346,348.916125,False,0.0,0.0,0.0,0.0
2021-12-26,0.0,348.94861212121214,348.953,0.0,0.0,0.0,348.976,348.7012424242424,False,0.0,0.0,0.0,0.0
2021-12-27,0.0,349.0176666666666,349.253,0.0,0.0,0.0,348.953,348.94861212121214,False,0.0,0.0,0.0,0.0
2021-12-28,0.0,348.9180833333333,349.274,0.0,0.0,0.0,349.253,349.0176666666666,False,0.0,0.0,0.0,0.0
2021-12-29,0.0,348.95283333333333,349.169,0.0,0.0,0.0,349.274,348.9180833333333,False,0.0,0.0,0.0,0.0
2021-12-30,0.0,348.94350000000003,349.027,0.0,0.0,0.0,349.169,348.95283333333333,False,0.0,0.0,0.0,0.0
2021-12-31,0.0,348.9166666666667,349.061,0.0,0.0,0.0,349.027,348.94350000000003,0.0,0.0,0.0,0.0,0.0
2022-01-01,0.081807135,347.7003833333334,348.2795,0.0,0.0,0.0,349.061,348.9166666666667,False,0.0,0.0,0.0,0.0
2022-01-02,1.033738181,349.14875619834714,349.299,0.081807135,0.08180713500002842,0.081807135,348.2795,347.7003833333334,False,0.0,0.0,0.0,0.0
2022-01-03,2.061017708,349.0517909090909,349.0709090909091,1.033738181,1.1155453160000284,1.115545316,349.299,349.14875619834714,False,0.0,0.0,0.0,0.0
2022-01-04,0.162361071,349.1674545454546,349.372,2.061017708,3.1765630240000284,3.176563024,349.0709090909091,349.0517909090909,False,0.0,0.0,0.0,0.0
2022-01-05,0.782573546,349.41225000000003,349.618,0.162361071,3.2571169600000283,3.338924095,349.372,349.1674545454546,True,0.0,0.0,0.0,0.0
2022-01-06,1.955768311,349.35179166666666,349.509,0.782573546,3.0059523250000284,4.1214976409999995,349.618,349.41225000000003,True,0.0,0.0,0.0,0.0
2022-01-07,19.060762444,349.19262499999996,349.283,1.955768311,2.9007029280000283,6.077265951999999,349.509,349.35179166666666,True,0.0,0.0,0.0,0.0
2022-01-08,1.349594375,348.66283333333337,349.165,19.060762444,21.79910430100003,25.138028396000003,349.283,349.19262499999996,True,0.0,0.0,0.0,0.0
2022-01-09,0.409976794,348.44836363636364,348.955,1.349594375,22.36612513000003,26.405815636,349.165,348.66283333333337,True,0.0,0.0,0.0,0.0
2022-01-10,0.58537961,348.43681250000003,348.997,0.409976794,20.82033361300003,25.782054249,348.955,348.44836363636364,True,0.0,0.0,0.0,0.0
2022-01-11,2.639482954,348.35375,349.16,0.58537961,2.344950779000032,24.306416151,348.997,348.43681250000003,True,0.0,0.0,0.0,0.0
2022-01-12,0.247778375,348.22658333333334,349.171,2.639482954,3.6348393580000318,26.783538034,349.16,348.35375,True,0.0,0.0,0.0,0.0
2022-01-13,0.0,348.22091666666665,348.803,0.247778375,3.4726409390000317,26.248742862999997,349.171,348.22658333333334,True,0.0,0.0,0.0,0.0
2022-01-14,0.0,348.1390416666666,348.752,0.0,2.8872613290000313,24.292974551999997,348.803,348.22091666666665,True,0.0,0.0,0.0,0.0
2022-01-15,0.0,346.79225,346.904,0.0,0.24777837500003153,5.232212107999996,348.752,348.1390416666666,False,0.0,0.0,0.0,0.0
2022-01-16,0.0,346.7114477124183,346.713,0.0,0.0,3.8826177329999965,346.904,346.79225,False,0.0,0.0,0.0,0.0
2022-01-17,0.0,346.69783333333334,346.71,0.0,0.0,3.472640938999996,346.713,346.7114477124183,False,0.0,0.0,0.0,0.0
2022-01-18,0.0,346.6802333333333,346.692,0.0,0.0,2.8872613289999967,346.71,346.69783333333334,False,0.0,0.0,0.0,0.0
2022-01-19,0.0,346.67672500000003,346.679,0.0,0.0,0.24777837499999644,346.692,346.6802333333333,False,0.0,0.0,0.0,0.0
2022-01-20,0.0,348.085875,349.529,0.0,0.0,0.0,346.679,346.67672500000003,False,0.0,0.0,0.0,0.0
2022-01-21,0.0,317.90454166666666,347.207,0.0,0.0,0.0,349.529,348.085875,False,0.0,0.0,0.0,0.0
2022-01-22,0.0,346.67968333333334,346.6825,0.0,0.0,0.0,347.207,317.90454166666666,False,0.0,0.0,0.0,0.0
2022-01-23,0.0,346.6893181818182,346.709,0.0,0.0,0.0,346.6825,346.67968333333334,False,0.0,0.0,0.0,0.0
2022-01-24,0.0,346.68433066666665,346.691,0.0,0.0,0.0,346.709,346.6893181818182,False,0.0,0.0,0.0,0.0
2022-01-25,0.0,346.69123015873015,346.696,0.0,0.0,0.0,346.691,346.68433066666665,False,0.0,0.0,0.0,0.0
2022-01-26,0.0,243.5730486111111,346.699,0.0,0.0,0.0,346.696,346.69123015873015,False,0.0,0.0,0.0,0.0
2022-01-27,0.0,345.5456875,348.947,0.0,0.0,0.0,346.699,243.5730486111111,False,0.0,0.0,0.0,0.0
2022-01-28,0.0,325.9603333333333,349.29,0.0,0.0,0.0,348.947,345.5456875,False,0.0,0.0,0.0,0.0
2022-01-29,0.0,311.37604166666665,348.796,0.0,0.0,0.0,349.29,325.9603333333333,False,0.0,0.0,0.0,0.0
2022-01-30,0.0,332.51827083333336,347.75,0.0,0.0,0.0,348.796,311.37604166666665,False,0.0,0.0,0.0,0.0
2022-01-31,0.0,347.50429166666663,349.354,0.0,0.0,0.0,347.75,332.51827083333336,False,0.0,0.0,0.0,0.0
2022-02-01,0.817504491,347.5671041666667,349.644,0.0,0.0,0.0,349.354,347.50429166666663,False,0.0,0.0,0.0,0.0
2022-02-02,4.578421487,332.659375,347.904,0.817504491,0.8175044910000315,0.8175044909999964,349.644,347.5671041666667,False,0.0,0.0,0.0,0.0
2022-02-03,1.104337211,332.85154166666666,349.679,4.578421487,5.395925978000031,5.395925977999997,347.904,332.659375,False,0.0,0.0,0.0,0.0
2022-02-04,0.079505354,347.18931249999997,348.742,1.104337211,6.500263189000031,6.5002631889999964,349.679,332.85154166666666,False,0.0,0.0,0.0,0.0
2022-02-05,1.118946333,348.0344583333333,349.5,0.079505354,5.762264052000031,6.579768542999997,348.742,347.18931249999997,False,0.0,0.0,0.0,0.0
2022-02-06,1.175316124,332.4150416666667,348.739,1.118946333,2.3027888980000313,7.698714875999997,349.5,348.0344583333333,False,0.0,0.0,0.0,0.0
2022-02-07,5.676001412,347.5642083333333,348.739,1.175316124,2.373767811000031,8.874030999999997,348.739,332.4150416666667,False,0.0,0.0,0.0,0.0
2022-02-08,0.505595652,347.23966666666666,348.147,5.676001412,7.97026386900003,14.550032411999997,348.739,347.5642083333333,False,0.0,0.0,0.0,0.0
2022-02-09,3.475090972,346.66544736842104,346.674,0.505595652,7.35691318800003,14.238123572999998,348.147,347.23966666666666,False,0.0,0.0,0.0,0.0
2022-02-10,0.381702134,346.66297872340425,346.674,3.475090972,9.65668803600003,13.134793057999996,346.674,346.66544736842104,False,0.0,0.0,0.0,0.0
2022-02-11,0.22070853799999998,346.6706489361702,346.67265957446807,0.381702134,4.36238875800003,12.412157980999996,346.674,346.66297872340425,False,0.0,0.0,0.0,0.0
2022-02-12,0.054032456,346.64323375931843,346.653,0.22070853799999998,4.07750164400003,12.553361164999997,346.67265957446807,346.6706489361702,False,0.0,0.0,0.0,0.0
2022-02-13,0.0,346.6009133830316,346.62695669151583,0.054032456,0.6564431280000302,11.488447287999996,346.653,346.64323375931843,False,0.0,0.0,0.0,0.0
2025-01-04,0.394212652,177.9463157894737,181.618,0.0,0.27474099400003016,10.313131163999996,346.62695669151583,346.6009133830316,False,0.0,0.0,0.0,0.0
2025-01-05,2.704225947,180.66129166666667,180.95000000000002,0.394212652,0.44824510800003015,5.031342403999996,181.618,177.9463157894737,False,0.0,0.0,0.0,0.0
2025-01-06,2.837695823,180.78093750000002,181.11100000000002,2.704225947,3.09843859900003,7.229972698999996,180.95000000000002,180.66129166666667,False,0.0,0.0,0.0,0.0
2025-01-07,1.475960265,180.69316666666668,181.09150000000002,2.837695823,5.93613442200003,6.592577549999996,181.11100000000002,180.78093750000002,False,0.0,0.0,0.0,0.0
2025-01-08,96.442948523,180.74708333333334,180.971,1.475960265,7.01788203500003,7.686835680999996,181.09150000000002,180.69316666666668,False,0.0,0.0,0.0,0.0
2025-01-09,83.217614637,180.96320833333334,181.299,96.442948523,100.75660461100003,103.90907566599999,180.971,180.74708333333334,False,0.0,0.0,0.0,0.0
2025-01-10,0.0,180.93050000000002,181.24,83.217614637,181.136523425,187.072657847,181.299,180.96320833333334,False,0.0,0.0,0.0,0.0
2025-01-11,0.0,180.73810416666666,181.1585,0.0,179.66056316000004,187.072657847,181.24,180.93050000000002,False,0.0,0.0,0.0,0.0
2025-01-12,0.0,180.61925,180.91500000000002,0.0,83.21761463700003,186.678445195,181.1585,180.73810416666666,False,0.0,0.0,0.0,0.0
2025-01-13,0.0,180.69627083333333,180.9615,0.0,0.0,183.974219248,180.91500000000002,180.61925,False,0.0,0.0,0.0,0.0
2025-01-14,0.0,180.4843125,181.05249999999998,0.0,0.0,181.13652342499998,180.9615,180.69627083333333,False,0.0,0.0,0.0,0.0
2025-01-15,0.0,180.30145833333336,180.482,0.0,0.0,179.66056315999998,181.05249999999998,180.4843125,False,0.0,0.0,0.0,0.0
2025-01-16,0.0,180.55058333333332,180.93349999999998,0.0,0.0,83.217614637,180.482,180.30145833333336,False,0.0,0.0,0.0,0.0
2025-01-17,0.0,180.42510416666667,180.8825,0.0,0.0,0.0,180.93349999999998,180.55058333333332,False,0.0,0.0,0.0,0.0
2025-01-18,0.0,180.37791666666666,180.68300000000002,0.0,0.0,0.0,180.8825,180.42510416666667,False,0.0,0.0,0.0,0.0
2025-01-19,0.0,180.37352083333334,180.6535,0.0,0.0,0.0,180.68300000000002,180.37791666666666,False,0.0,0.0,0.0,0.0
2025-01-20,0.0,180.43393749999998,180.68900000000002,0.0,0.0,0.0,180.6535,180.37352083333334,False,0.0,0.0,0.0,0.0
2025-01-21,0.0,180.440875,180.81900000000002,0.0,0.0,0.0,180.68900000000002,180.43393749999998,False,0.0,0.0,0.0,0.0
2025-01-22,0.0,180.67502083333332,180.98950000000002,0.0,0.0,0.0,180.81900000000002,180.440875,False,0.0,0.0,0.0,0.0
2025-01-23,0.0,180.68579166666666,181.014,0.0,0.0,0.0,180.98950000000002,180.67502083333332,False,0.0,0.0,0.0,0.0
2025-01-24,0.0,180.60064583333335,181.0315,0.0,0.0,0.0,181.014,180.68579166666666,False,0.0,0.0,0.0,0.0
2025-01-25,0.0,180.45408333333333,180.772,0.0,0.0,0.0,181.0315,180.60064583333335,False,0.0,0.0,0.0,0.0
2025-01-26,0.0,180.54666666666665,180.8775,0.0,0.0,0.0,180.772,180.45408333333333,False,0.0,0.0,0.0,0.0
2025-01-27,0.0,180.5834166666667,180.8605,0.0,0.0,0.0,180.8775,180.54666666666665,False,0.0,0.0,0.0,0.0
2025-01-28,0.0,180.64920833333335,180.916,0.0,0.0,0.0,180.8605,180.5834166666667,False,0.0,0.0,0.0,0.0
2025-01-29,0.0,180.73225000000002,181.04999999999998,0.0,0.0,0.0,180.916,180.64920833333335,False,0.0,0.0,0.0,0.0
2025-01-30,0.0,184.24985416666667,264.7875,0.0,0.0,0.0,181.04999999999998,180.73225000000002,False,0.0,0.0,0.0,0.0
2025-01-31,0.0,180.7699375,181.06550000000001,0.0,0.0,0.0,264.7875,184.24985416666667,False,0.0,0.0,0.0,0.0
2025-02-01,2.789527626,187.86539583333334,348.739,0.0,0.0,0.0,181.06550000000001,180.7699375,False,0.0,0.0,0.0,0.0
2025-02-02,0.067686577,180.9683125,181.305,2.789527626,2.7895276260000283,2.789527626,348.739,187.86539583333334,False,0.0,0.0,0.0,0.0
2025-02-03,0.124200488,180.9073125,181.24,0.067686577,2.8572142030000283,2.857214203,181.305,180.9683125,False,0.0,0.0,0.0,0.0
2025-02-04,0.18475286800000001,180.74504166666668,181.103,0.124200488,2.9814146910000283,2.981414691,181.24,180.9073125,False,0.0,0.0,0.0,0.0
2025-02-05,1.981499567,180.80642708333335,181.10250000000002,0.18475286800000001,0.3766399330000284,3.166167559,181.103,180.74504166666668,False,0.0,0.0,0.0,0.0
2025-02-06,3.43887266,180.88681250000002,181.242,1.981499567,2.2904529230000286,5.147667126,181.10250000000002,180.80642708333335,False,0.0,0.0,0.0,0.0
2025-02-07,1.69969979,180.93041666666667,181.217,3.43887266,5.605125095000028,8.586539786,181.242,180.88681250000002,False,0.0,0.0,0.0,0.0
2025-02-08,19.647411218,180.778875,181.3645,1.69969979,7.120072017000028,10.286239576,181.217,180.93041666666667,False,0.0,0.0,0.0,0.0
2025-02-09,95.3213764,180.75497916666666,181.276,19.647411218,24.78598366800003,27.144123168,181.3645,180.778875,False,0.0,0.0,0.0,0.0
2025-02-10,0.0,180.75847916666666,181.164,95.3213764,116.66848740800003,122.39781299100001,181.276,180.75497916666666,False,0.0,0.0,0.0,0.0
2025-02-11,0.0,180.7196875,181.25,0.0,114.96878761800004,122.27361250300001,181.164,180.75847916666666,False,0.0,0.0,0.0,0.0
2025-02-12,0.0,180.77735416666667,181.091,0.0,95.32137640000003,122.088859635,181.25,180.7196875,False,0.0,0.0,0.0,0.0
2025-02-13,0.0,173.85739583333336,181.214,0.0,0.0,120.107360068,181.091,180.77735416666667,False,0.0,0.0,0.0,0.0
2025-02-14,0.0,180.7873125,181.16649999999998,0.0,0.0,116.668487408,181.214,173.85739583333336,False,0.0,0.0,0.0,0.0
2025-02-15,0.0,173.76827083333333,181.145,0.0,0.0,114.96878761800001,181.16649999999998,180.7873125,False,0.0,0.0,0.0,0.0
2025-02-16,0.0,180.7801875,181.1395,0.0,0.0,95.32137640000002,181.145,173.76827083333333,False,0.0,0.0,0.0,0.0
2025-02-17,0.0,180.8365,181.23350000000002,0.0,0.0,0.0,181.1395,180.7801875,False,0.0,0.0,0.0,0.0
2025-02-18,0.0,180.66670833333333,181.3895,0.0,0.0,0.0,181.23350000000002,180.8365,False,0.0,0.0,0.0,0.0
2025-02-19,0.0,180.77931249999997,181.184,0.0,0.0,0.0,181.3895,180.66670833333333,False,0.0,0.0,0.0,0.0
2025-02-20,0.0,180.6141041666667,181.18650000000002,0.0,0.0,0.0,181.184,180.77931249999997,False,0.0,0.0,0.0,0.0
2025-02-21,0.0,180.78558333333334,181.1895,0.0,0.0,0.0,181.18650000000002,180.6141041666667,False,0.0,0.0,0.0,0.0
2025-02-22,0.0,180.905125,181.20000000000002,0.0,0.0,0.0,181.1895,180.78558333333334,False,0.0,0.0,0.0,0.0
2025-02-23,0.0,180.79979166666666,181.1575,0.0,0.0,0.0,181.20000000000002,180.905125,False,0.0,0.0,0.0,0.0
2025-02-24,0.0,173.8965208333333,181.2125,0.0,0.0,0.0,181.1575,180.79979166666666,False,0.0,0.0,0.0,0.0
2025-02-25,0.0,180.80254166666668,181.293,0.0,0.0,0.0,181.2125,173.8965208333333,True,0.0,0.0,0.0,0.0
2025-02-26,0.0,173.72943750000002,181.12400000000002,0.0,0.0,0.0,181.293,180.80254166666668,True,0.0,0.0,0.0,0.0
2025-02-27,0.0,180.56879166666667,181.15200000000002,0.0,0.0,0.0,181.12400000000002,173.72943750000002,True,0.0,0.0,0.0,0.0
2025-02-28,0.0,179.92722916666665,180.55200000000002,0.0,0.0,0.0,181.15200000000002,180.56879166666667,True,0.0,0.0,0.0,0.0
2025-03-01,1.167049074,179.78783333333334,180.0505,0.0,0.0,0.0,180.55200000000002,179.92722916666665,True,0.0,0.0,0.0,0.0
2025-03-02,0.443930563,179.86768750000002,180.2165,1.167049074,1.1670490740000283,1.167049074,180.0505,179.78783333333334,True,0.0,0.0,0.0,0.0
2025-03-03,5.151704011,179.82264583333335,180.303,0.443930563,1.6109796370000282,1.6109796369999998,180.2165,179.86768750000002,True,0.0,0.0,0.0,0.0
2025-03-04,0.621058754,179.88587500000003,180.0995,5.151704011,6.762683648000028,6.762683647999999,180.303,179.82264583333335,True,0.0,0.0,0.0,0.0
2025-03-05,16.010252626,180.45725000000002,180.83,0.621058754,6.216693328000028,7.383742401999999,180.0995,179.88587500000003,True,0.0,0.0,0.0,0.0
2025-03-06,2.58778041,173.54777083333332,180.925,16.010252626,21.783015391000028,23.393995028,180.83,180.45725000000002,False,0.0,0.0,0.0,0.0
2025-03-07,0.796504455,180.722625,181.104,2.58778041,19.21909179000003,25.981775438,180.925,173.54777083333332,False,0.0,0.0,0.0,0.0
2025-03-08,1.370275895,173.76756250000003,181.164,0.796504455,19.39453749100003,26.778279893,181.104,180.722625,False,0.0,0.0,0.0,0.0
2025-03-09,20.1651866,180.842125,181.10950000000003,1.370275895,4.754560760000029,26.981506714,181.164,173.76756250000003,False,0.0,0.0,0.0,0.0
2025-03-10,0.0,180.78971875000002,181.15300000000002,20.1651866,22.331966950000027,46.702762750999995,181.10950000000003,180.842125,False,0.0,0.0,0.0,0.0
2025-03-11,0.0,180.86066666666667,181.19650000000001,0.0,21.535462495000026,41.55105874,181.15300000000002,180.78971875000002,False,0.0,0.0,0.0,0.0
2025-03-12,0.0,180.823625,181.2545,0.0,20.165186600000027,40.929999986,181.19650000000001,180.86066666666667,False,0.0,0.0,0.0,0.0
2025-03-13,0.0,180.635,181.01500000000001,0.0,0.0,24.91974736,181.2545,180.823625,False,0.0,0.0,0.0,0.0
2025-03-14,0.0,180.8040984848485,180.904,0.0,0.0,22.331966949999998,181.01500000000001,180.635,False,0.0,0.0,0.0,0.0
2025-03-17,0.0,180.6362105263158,180.9615,0.0,0.0,21.535462494999997,180.904,180.8040984848485,False,0.0,0.0,0.0,0.0
2025-03-18,0.0,180.62797916666668,180.918,0.0,0.0,20.1651866,180.9615,180.6362105263158,False,0.0,0.0,0.0,0.0
2025-03-19,0.0,180.6519375,180.965,0.0,0.0,0.0,180.918,180.62797916666668,False,0.0,0.0,0.0,0.0
2025-03-20,0.0,180.52497916666667,180.9735,0.0,0.0,0.0,180.965,180.6519375,False,0.0,0.0,0.0,0.0
2025-03-21,0.0,180.48691666666664,180.78500000000003,0.0,0.0,0.0,180.9735,180.52497916666667,False,0.0,0.0,0.0,0.0
2025-03-22,0.0,180.516125,180.815,0.0,0.0,0.0,180.78500000000003,180.48691666666664,False,0.0,0.0,0.0,0.0
2025-03-23,0.0,180.5332291666667,180.81750000000002,0.0,0.0,0.0,180.815,180.516125,False,0.0,0.0,0.0,0.0
2025-03-24,0.0,180.6324375,180.9875,0.0,0.0,0.0,180.81750000000002,180.5332291666667,False,0.0,0.0,0.0,0.0
2025-03-25,0.0,180.59391666666667,181.06650000000002,0.0,0.0,0.0,180.9875,180.6324375,False,0.0,0.0,0.0,0.0
2025-03-26,0.0,180.70783333333335,181.098,0.0,0.0,0.0,181.06650000000002,180.59391666666667,False,0.0,0.0,0.0,0.0
2025-03-27,0.0,180.66193750000002,180.983,0.0,0.0,0.0,181.098,180.70783333333335,False,0.0,0.0,0.0,0.0
2025-03-28,0.0,180.72422916666667,180.967,0.0,0.0,0.0,180.983,180.66193750000002,False,0.0,0.0,0.0,0.0
2025-03-29,0.0,180.8624166666667,181.1605,0.0,0.0,0.0,180.967,180.72422916666667,False,0.0,0.0,0.0,0.0
2025-03-30,0.0,180.7012083333333,181.1415,0.0,0.0,0.0,181.1605,180.8624166666667,False,0.0,0.0,0.0,0.0
2025-03-31,0.0,180.61652083333334,180.97150000000002,0.0,0.0,0.0,181.1415,180.7012083333333,False,0.0,0.0,0.0,0.0
2025-04-01,1.003051594,180.62010416666666,180.864,0.0,0.0,0.0,180.97150000000002,180.61652083333334,False,0.0,0.0,0.0,0.0
2025-04-02,22.714424708,180.92622916666667,181.2435,1.003051594,1.0030515940000284,1.003051594,180.864,180.62010416666666,False,0.0,0.0,0.0,0.0
2025-04-03,1.219059774,180.94394791666664,181.1945,22.714424708,23.717476302000026,23.717476301999998,181.2435,180.92622916666667,False,0.0,0.0,0.0,0.0
2025-04-04,0.072429433,180.95454166666664,181.3615,1.219059774,24.936536076000028,24.936536076,181.1945,180.94394791666664,False,0.0,0.0,0.0,0.0
2025-04-05,6.461875991,180.91595833333335,181.353,0.072429433,24.00591391500003,25.008965509,181.3615,180.95454166666664,False,0.0,0.0,0.0,0.0
2025-04-06,2.628324265,180.7955208333333,181.13600000000002,6.461875991,7.753365198000028,31.4708415,181.353,180.91595833333335,False,0.0,0.0,0.0,0.0
2025-04-07,0.21843554999999998,180.68770833333335,181.1025,2.628324265,9.162629689000028,34.099165764999995,181.13600000000002,180.7955208333333,False,0.0,0.0,0.0,0.0
2025-04-08,3.686724032,180.43910416666668,180.87,0.21843554999999998,9.308635806000028,34.317601315,181.1025,180.68770833333335,False,0.0,0.0,0.0,0.0
2025-04-09,6.919734864,180.4322291666667,180.895,3.686724032,6.533483847000028,37.001273753,180.87,180.43910416666668,False,0.0,0.0,0.0,0.0
2025-04-10,0.0,180.45860416666667,180.809,6.919734864,10.824894446000028,21.206583909,180.895,180.4322291666667,False,0.0,0.0,0.0,0.0
2025-04-11,0.0,180.58375,181.084,0.0,10.606458896000028,19.987524134999997,180.809,180.45860416666667,False,0.0,0.0,0.0,0.0
2025-04-12,0.0,180.53320833333336,181.002,0.0,6.919734864000029,19.915094701999998,181.084,180.58375,False,0.0,0.0,0.0,0.0
2025-04-13,0.0,180.45364583333333,180.752,0.0,0.0,13.453218710999998,181.002,180.53320833333336,False,0.0,0.0,0.0,0.0
2025-04-14,0.0,180.48045833333333,180.781,0.0,0.0,10.824894445999998,180.752,180.45364583333333,False,0.0,0.0,0.0,0.0
2025-04-15,0.0,180.34364583333334,181.053,0.0,0.0,10.606458896,180.781,180.48045833333333,False,0.0,0.0,0.0,0.0
2025-04-16,0.0,180.736,181.558,0.0,0.0,6.919734863999999,181.053,180.34364583333334,False,0.0,0.0,0.0,0.0
2025-04-17,0.0,181.31731249999999,181.843,0.0,0.0,0.0,181.558,180.736,False,0.0,0.0,0.0,0.0
2025-04-18,0.0,181.53768750000003,181.961,0.0,0.0,0.0,181.843,181.31731249999999,False,0.0,0.0,0.0,0.0
2025-04-19,0.0,181.47210416666667,182.0775,0.0,0.0,0.0,181.961,181.53768750000003,False,0.0,0.0,0.0,0.0
2025-04-20,0.0,181.40141666666668,181.966,0.0,0.0,0.0,182.0775,181.47210416666667,False,0.0,0.0,0.0,0.0
2025-04-21,0.0,181.54943749999998,182.14350000000002,0.0,0.0,0.0,181.966,181.40141666666668,False,0.0,0.0,0.0,0.0
2025-04-22,0.0,181.47977083333333,181.9395,0.0,0.0,0.0,182.14350000000002,181.54943749999998,False,0.0,0.0,0.0,0.0
2025-04-23,0.0,181.58697916666665,182.264,0.0,0.0,0.0,181.9395,181.47977083333333,False,0.0,0.0,0.0,0.0
2025-04-24,0.0,181.98389583333335,182.298,0.0,0.0,0.0,182.264,181.58697916666665,False,0.0,0.0,0.0,0.0
2025-04-25,0.0,181.61704166666667,182.2545,0.0,0.0,0.0,182.298,181.98389583333335,False,0.0,0.0,0.0,0.0
2025-04-26,0.0,181.377625,181.64800000000002,0.0,0.0,0.0,182.2545,181.61704166666667,False,0.0,0.0,0.0,0.0
2025-04-27,0.0,181.53023958333335,181.7875,0.0,0.0,0.0,181.64800000000002,181.377625,False,0.0,0.0,0.0,0.0
2025-04-28,0.0,181.88358333333335,182.197,0.0,0.0,0.0,181.7875,181.53023958333335,False,0.0,0.0,0.0,0.0
2025-04-29,0.0,181.83396875000003,182.127,0.0,0.0,0.0,182.197,181.88358333333335,False,0.0,0.0,0.0,0.0
2025-04-30,0.0,181.9266458333333,182.191,0.0,0.0,0.0,182.127,181.83396875000003,False,0.0,0.0,0.0,0.0
2025-05-01,0.763449725,181.93577083333332,182.2,0.0,0.0,0.0,182.191,181.9266458333333,False,0.0,0.0,0.0,0.0
2025-05-02,2.895542875,182.0041666666667,182.198,0.763449725,0.7634497250000284,0.763449725,182.2,181.93577083333332,False,0.0,0.0,0.0,0.0
2025-05-03,0.20379077,181.931,182.25650000000002,2.895542875,3.6589926000000284,3.6589926,182.198,182.0041666666667,False,0.0,0.0,0.0,0.0
2025-05-04,0.092730649,181.8417604166667,182.186,0.20379077,3.8627833700000282,3.86278337,182.25650000000002,181.931,False,0.0,0.0,0.0,0.0
2025-05-05,2.256085926,181.73802083333337,182.014,0.092730649,3.192064294000028,3.9555140189999998,182.186,181.8417604166667,False,0.0,0.0,0.0,0.0
2025-05-06,0.21929934099999998,176.436671875,182.1165,2.256085926,2.552607345000028,6.211599945,182.014,181.73802083333337,False,0.0,0.0,0.0,0.0
2025-05-07,3.0748703170000002,181.91997916666665,182.317,0.21929934099999998,2.5681159160000284,6.430899286,182.1165,176.436671875,False,0.0,0.0,0.0,0.0
2025-05-08,19.922700494,181.96573958333332,182.382,3.0748703170000002,5.550255584000029,9.505769603000001,182.317,181.91997916666665,False,0.0,0.0,0.0,0.0
2025-05-09,1.524035413,181.91220833333333,182.3625,19.922700494,23.21687015200003,28.665020372,182.382,181.96573958333332,False,0.0,0.0,0.0,0.0
2025-05-10,0.0,181.70423958333333,182.0145,1.524035413,24.52160622400003,27.293512910000004,182.3625,181.91220833333333,False,0.0,0.0,0.0,0.0
2025-05-11,0.0,181.63975000000002,181.9875,0.0,21.44673590700003,27.089722140000003,182.0145,181.70423958333333,False,0.0,0.0,0.0,0.0
2025-05-12,0.0,181.6503541666667,181.8895,0.0,1.5240354130000284,26.996991491000003,181.9875,181.63975000000002,False,0.0,0.0,0.0,0.0
2025-05-13,0.0,181.87814583333332,182.1955,0.0,0.0,24.740905565000006,181.8895,181.6503541666667,False,0.0,0.0,0.0,0.0
2025-05-14,0.0,181.8406666666667,182.25,0.0,0.0,24.521606224000003,182.1955,181.87814583333332,False,0.0,0.0,0.0,0.0
2025-05-15,0.0,181.89743750000002,182.268,0.0,0.0,21.446735907000004,182.25,181.8406666666667,False,0.0,0.0,0.0,0.0
2025-05-16,0.0,181.85885416666667,182.2765,0.0,0.0,1.5240354130000036,182.268,181.89743750000002,False,0.0,0.0,0.0,0.0
2025-05-17,0.0,181.7534479166667,182.0535,0.0,0.0,0.0,182.2765,181.85885416666667,False,0.0,0.0,0.0,0.0
2025-05-18,0.0,181.83592708333333,182.0825,0.0,0.0,0.0,182.0535,181.7534479166667,False,0.0,0.0,0.0,0.0
2025-05-19,0.0,181.9084375,182.1515,0.0,0.0,0.0,182.0825,181.83592708333333,False,0.0,0.0,0.0,0.0
2025-05-20,0.0,181.91333333333333,182.2525,0.0,0.0,0.0,182.1515,181.9084375,False,0.0,0.0,0.0,0.0
2025-05-21,0.0,181.90560416666668,182.1895,0.0,0.0,0.0,182.2525,181.91333333333333,False,0.0,0.0,0.0,0.0
2025-05-22,0.0,181.86539583333334,182.167,0.0,0.0,0.0,182.1895,181.90560416666668,False,0.0,0.0,0.0,0.0
2025-05-23,0.0,181.84652083333333,182.138,0.0,0.0,0.0,182.167,181.86539583333334,False,0.0,0.0,0.0,0.0
2025-05-24,0.0,181.88985416666665,182.234,0.0,0.0,0.0,182.138,181.84652083333333,False,0.0,0.0,0.0,0.0
2025-05-25,0.0,181.8426875,182.1465,0.0,0.0,0.0,182.234,181.88985416666665,False,0.0,0.0,0.0,0.0
2025-05-26,0.0,181.95148958333334,182.1265,0.0,0.0,0.0,182.1465,181.8426875,False,0.0,0.0,0.0,0.0
2025-05-27,0.0,181.9654375,182.248,0.0,0.0,0.0,182.1265,181.95148958333334,False,0.0,0.0,0.0,0.0
2025-05-28,0.0,182.04639583333335,182.4295,0.0,0.0,0.0,182.248,181.9654375,False,0.0,0.0,0.0,0.0
2025-05-29,0.0,181.8380625,182.277,0.0,0.0,0.0,182.4295,182.04639583333335,False,0.0,0.0,0.0,0.0
2025-05-30,0.0,181.8406354166667,182.0735,0.0,0.0,0.0,182.277,181.8380625,False,0.0,0.0,0.0,0.0
2025-05-31,0.0,181.94310416666667,182.2765,0.0,0.0,0.0,182.0735,181.8406354166667,False,0.0,0.0,0.0,0.0
2025-06-01,0.695258665,185.31935416666667,266.09749999999997,0.0,0.0,0.0,182.2765,181.94310416666667,False,0.0,0.0,0.0,0.0
2025-06-02,0.09324228999999999,181.90432291666664,182.149,0.695258665,0.6952586650000284,0.6952586650000036,266.09749999999997,185.31935416666667,False,0.0,0.0,0.0,0.0
2025-06-03,0.136217201,181.90324999999999,182.21200000000002,0.09324228999999999,0.7885009550000284,0.7885009550000035,182.149,181.90432291666664,False,0.0,0.0,0.0,0.0
2025-06-04,0.282037047,181.9295625,182.18050000000002,0.136217201,0.9247181560000284,0.9247181560000035,182.21200000000002,181.90324999999999,False,0.0,0.0,0.0,0.0
2025-06-05,3.85888846,181.93097916666667,182.23950000000002,0.282037047,0.5114965380000285,1.2067552030000035,182.18050000000002,181.9295625,False,0.0,0.0,0.0,0.0
2025-06-06,0.375032609,181.28864583333333,182.281,3.85888846,4.277142708000029,5.065643663000004,182.23950000000002,181.93097916666667,False,0.0,0.0,0.0,0.0
2025-06-07,10.004075223,181.97376041666666,182.295,0.375032609,4.515958116000029,5.440676272000004,182.281,181.28864583333333,False,0.0,0.0,0.0,0.0
2025-06-08,1.528332909,181.97479166666668,182.318,10.004075223,14.237996292000027,15.444751495000002,182.295,181.97376041666666,False,0.0,0.0,0.0,0.0
2025-06-09,19.199378943,181.97746874999999,182.2565,1.528332909,11.907440741000029,16.277825739000004,182.318,181.97479166666668,False,0.0,0.0,0.0,0.0
2025-06-10,0.0,182.03650000000002,182.353,19.199378943,30.731787075000028,35.383962392,182.2565,181.97746874999999,False,0.0,0.0,0.0,0.0
2025-06-11,0.0,181.99397916666666,182.285,0.0,20.727711852000027,35.24774519100001,182.353,182.03650000000002,False,0.0,0.0,0.0,0.0
2025-06-12,0.0,182.05867708333335,182.3775,0.0,19.199378943000028,34.965708144000004,182.285,181.99397916666666,False,0.0,0.0,0.0,0.0
2025-06-13,0.0,182.03035416666668,182.3455,0.0,0.0,31.106819684000005,182.3775,182.05867708333335,False,0.0,0.0,0.0,0.0
2025-06-14,0.0,178.43236458333334,182.3385,0.0,0.0,30.731787075000003,182.3455,182.03035416666668,False,0.0,0.0,0.0,0.0
2025-06-15,0.0,182.04364583333333,182.3415,0.0,0.0,20.727711852000006,182.3385,178.43236458333334,False,0.0,0.0,0.0,0.0
2025-06-16,0.0,182.09782291666667,182.364,0.0,0.0,19.199378943000003,182.3415,182.04364583333333,False,0.0,0.0,0.0,0.0
2025-06-17,0.0,182.10388541666669,182.38575,0.0,0.0,0.0,182.364,182.09782291666667,False,0.0,0.0,0.0,0.0
2025-06-18,0.0,182.03960416666666,182.3755,0.0,0.0,0.0,182.38575,182.10388541666669,False,0.0,0.0,0.0,0.0
2025-06-19,0.0,182.03577083333334,182.3085,0.0,0.0,0.0,182.3755,182.03960416666666,False,0.0,0.0,0.0,0.0
2025-06-20,0.0,181.99340625000002,182.298,0.0,0.0,0.0,182.3085,182.03577083333334,False,0.0,0.0,0.0,0.0
2025-06-21,0.0,181.92723958333332,182.24800000000002,0.0,0.0,0.0,182.298,181.99340625000002,False,0.0,0.0,0.0,0.0
2025-06-22,0.0,181.98558333333335,182.261,0.0,0.0,0.0,182.24800000000002,181.92723958333332,False,0.0,0.0,0.0,0.0
2025-06-23,0.0,182.06864583333333,182.33450000000002,0.0,0.0,0.0,182.261,181.98558333333335,False,0.0,0.0,0.0,0.0
2025-06-24,0.0,182.01191666666668,182.329,0.0,0.0,0.0,182.33450000000002,182.06864583333333,False,0.0,0.0,0.0,0.0
2025-06-25,0.0,182.1153125,182.383,0.0,0.0,0.0,182.329,182.01191666666668,False,0.0,0.0,0.0,0.0
2025-06-26,0.0,182.01908333333336,182.3685,0.0,0.0,0.0,182.383,182.1153125,True,0.0,0.0,0.0,0.0
2025-06-27,0.0,182.089875,182.302,0.0,0.0,0.0,182.3685,182.01908333333336,True,0.0,0.0,0.0,0.0
2025-06-28,0.0,182.0840625,182.3845,0.0,0.0,0.0,182.302,182.089875,True,0.0,0.0,0.0,0.0
2025-06-29,0.0,181.97439583333335,182.2695,0.0,0.0,0.0,182.3845,182.0840625,True,0.0,0.0,0.0,0.0
2025-06-30,0.0,182.004375,182.275,0.0,0.0,0.0,182.2695,181.97439583333335,True,0.0,0.0,0.0,0.0
2025-07-01,0.19400172400000001,182.0214791666667,182.2925,0.0,0.0,0.0,182.275,182.004375,False,0.0,0.0,0.0,0.0
2025-07-02,0.127593908,182.06922916666667,182.324,0.19400172400000001,0.19400172400002844,0.19400172400000357,182.2925,182.0214791666667,False,0.0,0.0,0.0,0.0
2025-07-03,0.387933348,182.05447916666665,182.3315,0.127593908,0.32159563200002844,0.3215956320000036,182.324,182.06922916666667,False,0.0,0.0,0.0,0.0
2025-07-04,0.300396083,182.042,182.3775,0.387933348,0.7095289800000284,0.7095289800000035,182.3315,182.05447916666665,False,0.0,0.0,0.0,0.0
2025-07-05,4.597324137,182.0536875,182.36800000000002,0.300396083,0.8159233390000284,1.0099250630000036,182.3775,182.042,False,0.0,0.0,0.0,0.0
2025-07-06,0.748011564,182.03412500000002,182.463,4.597324137,5.285653568000029,5.607249200000004,182.36800000000002,182.0536875,True,0.0,0.0,0.0,0.0
2025-07-07,6.532666076,182.045625,182.311,0.748011564,5.645731784000029,6.355260764000004,182.463,182.03412500000002,False,0.0,0.0,0.0,0.0
2025-07-08,0.760749018,182.07240625,182.3565,6.532666076,11.87800177700003,12.887926840000004,182.311,182.045625,False,0.0,0.0,0.0,0.0
2025-07-09,10.120319310000001,182.0754375,182.34150000000002,0.760749018,8.041426658000029,13.454674134000005,182.3565,182.07240625,False,0.0,0.0,0.0,0.0
2025-07-10,0.0,182.0441979166667,182.37025,10.120319310000001,17.41373440400003,23.447399536000006,182.34150000000002,182.0754375,True,0.0,0.0,0.0,0.0
2025-07-11,0.0,182.00420833333337,182.3245,0.0,10.88106832800003,23.059466188000005,182.37025,182.0441979166667,True,0.0,0.0,0.0,0.0
2025-07-12,0.0,182.0584375,182.2975,0.0,10.12031931000003,22.759070105000006,182.3245,182.00420833333337,False,0.0,0.0,0.0,0.0
2025-07-13,0.0,182.078125,182.35750000000002,0.0,0.0,18.161745968000005,182.2975,182.0584375,False,0.0,0.0,0.0,0.0
2025-07-14,0.0,182.066875,182.38500000000002,0.0,0.0,17.413734404000007,182.35750000000002,182.078125,False,0.0,0.0,0.0,0.0
2025-07-15,0.0,182.09470833333333,182.3675,0.0,0.0,10.881068328000005,182.38500000000002,182.066875,False,0.0,0.0,0.0,0.0
2025-07-16,0.0,182.069375,182.38150000000002,0.0,0.0,10.120319310000005,182.3675,182.09470833333333,False,0.0,0.0,0.0,0.0
2025-07-17,0.0,182.1296979166667,182.41250000000002,0.0,0.0,0.0,182.38150000000002,182.069375,False,0.0,0.0,0.0,0.0
2025-07-18,0.0,181.96182291666665,182.47750000000002,0.0,0.0,0.0,182.41250000000002,182.1296979166667,False,0.0,0.0,0.0,0.0
2025-07-19,0.0,182.05451041666666,182.35600000000002,0.0,0.0,0.0,182.47750000000002,181.96182291666665,False,0.0,0.0,0.0,0.0
2025-07-20,0.0,182.02183333333335,182.299,0.0,0.0,0.0,182.35600000000002,182.05451041666666,False,0.0,0.0,0.0,0.0
2025-07-21,0.0,181.9783541666667,182.2145,0.0,0.0,0.0,182.299,182.02183333333335,False,0.0,0.0,0.0,0.0
2025-07-22,0.0,182.0131041666667,182.3745,0.0,0.0,0.0,182.2145,181.9783541666667,False,0.0,0.0,0.0,0.0
2025-07-23,0.0,182.0638541666667,182.36700000000002,0.0,0.0,0.0,182.3745,182.0131041666667,True,0.0,0.0,0.0,0.0
2025-07-24,0.0,182.04383333333337,182.34750000000003,0.0,0.0,0.0,182.36700000000002,182.0638541666667,False,0.0,0.0,0.0,0.0
2025-07-25,0.0,182.05043750000002,182.24,0.0,0.0,0.0,182.34750000000003,182.04383333333337,False,0.0,0.0,0.0,0.0
2025-07-26,0.0,182.0616666666667,182.3515,0.0,0.0,0.0,182.24,182.05043750000002,False,0.0,0.0,0.0,0.0
2025-07-27,0.0,182.00873958333332,182.31400000000002,0.0,0.0,0.0,182.3515,182.0616666666667,False,0.0,0.0,0.0,0.0
2025-07-28,0.0,182.0069791666667,182.259,0.0,0.0,0.0,182.31400000000002,182.00873958333332,False,0.0,0.0,0.0,0.0
2025-07-29,0.0,181.9969479166667,182.35750000000002,0.0,0.0,0.0,182.259,182.0069791666667,False,0.0,0.0,0.0,0.0
2025-07-30,0.0,182.01145833333337,182.317,0.0,0.0,0.0,182.35750000000002,181.9969479166667,False,0.0,0.0,0.0,0.0
2025-07-31,0.0,182.05095833333334,182.34300000000002,0.0,0.0,0.0,182.317,182.01145833333337,False,0.0,0.0,0.0,0.0
2025-08-01,0.120978784,181.82986458333335,182.45499999999998,0.0,0.0,0.0,182.34300000000002,182.05095833333334,False,0.0,0.0,0.0,0.0
2025-08-02,1.421992139,182.01746875,182.4155,0.120978784,0.12097878400002843,0.12097878400000356,182.45499999999998,181.82986458333335,False,0.0,0.0,0.0,0.0
2025-08-03,0.000123458,181.98852083333335,182.235,1.421992139,1.5429709230000286,1.5429709230000037,182.4155,182.01746875,False,0.0,0.0,0.0,0.0
2025-08-04,1.125457207,182.00897916666668,182.437,0.000123458,1.5430943810000286,1.5430943810000037,182.235,181.98852083333335,False,0.0,0.0,0.0,0.0
2025-08-05,8.333907024,182.0234375,182.33,1.125457207,2.5475728040000285,2.6685515880000037,182.437,182.00897916666668,False,0.0,0.0,0.0,0.0
2025-08-06,3.676142852,182.06904166666666,182.3565,8.333907024,9.459487689000028,11.002458612000003,182.33,182.0234375,True,0.0,0.0,0.0,0.0
2025-08-07,23.939200021999998,182.03345833333333,182.43,3.676142852,13.135507083000029,14.678601464000003,182.3565,182.06904166666666,False,0.0,0.0,0.0,0.0
2025-08-08,4.950911377,182.0339375,182.304,23.939200021999998,35.949249898000026,38.617801486000005,182.43,182.03345833333333,False,0.0,0.0,0.0,0.0
2025-08-09,9.441736006,181.99468750000003,182.2655,4.950911377,32.566254251000025,43.447734079,182.304,182.0339375,False,0.0,0.0,0.0,0.0
2025-08-10,0.0,181.99979166666665,182.315,9.441736006,38.331847405000026,51.467477946,182.2655,181.99468750000003,False,0.0,0.0,0.0,0.0
2025-08-11,0.0,182.01445833333332,182.3585,0.0,14.392647383000028,51.467354488,182.315,181.99979166666665,False,0.0,0.0,0.0,0.0
2025-08-12,0.0,181.89879166666665,182.457,0.0,9.441736006000028,50.341897281,182.3585,182.01445833333332,False,0.0,0.0,0.0,0.0
2025-08-13,0.0,182.0672291666667,182.5,0.0,0.0,42.007990257,182.457,181.89879166666665,False,0.0,0.0,0.0,0.0
2025-08-14,0.0,181.90580208333336,182.2355,0.0,0.0,38.331847405000005,182.5,182.0672291666667,False,0.0,0.0,0.0,0.0
2025-08-15,0.0,181.94473958333333,182.267,0.0,0.0,14.392647383000003,182.2355,181.90580208333336,False,0.0,0.0,0.0,0.0
2025-08-16,0.0,182.02253125000001,182.294,0.0,0.0,9.441736006000003,182.267,181.94473958333333,False,0.0,0.0,0.0,0.0
2025-08-17,0.0,181.8279375,182.41125,0.0,0.0,0.0,182.294,182.02253125000001,False,0.0,0.0,0.0,0.0
2025-08-18,0.0,182.00636458333335,182.359,0.0,0.0,0.0,182.41125,181.8279375,False,0.0,0.0,0.0,0.0
2025-08-19,0.0,182.1316875,182.335,0.0,0.0,0.0,182.359,182.00636458333335,False,0.0,0.0,0.0,0.0
2025-08-20,0.0,182.05621875,182.384,0.0,0.0,0.0,182.335,182.1316875,False,0.0,0.0,0.0,0.0
2025-08-21,0.0,182.04180208333332,182.27925,0.0,0.0,0.0,182.384,182.05621875,False,0.0,0.0,0.0,0.0
2025-08-22,0.0,182.08564583333336,182.30325,0.0,0.0,0.0,182.27925,182.04180208333332,False,0.0,0.0,0.0,0.0
2025-08-23,0.0,182.10895833333333,182.4015,0.0,0.0,0.0,182.30325,182.08564583333336,False,0.0,0.0,0.0,0.0
2025-08-24,0.0,182.08890625,182.4105,0.0,0.0,0.0,182.4015,182.10895833333333,False,0.0,0.0,0.0,0.0
2025-08-25,0.0,182.307875,182.61375,0.0,0.0,0.0,182.4105,182.08890625,False,0.0,0.0,0.0,0.0
2025-08-26,0.0,182.75110416666666,183.07600000000002,0.0,0.0,0.0,182.61375,182.307875,True,0.0,0.0,0.0,0.0
2025-08-27,0.0,181.92561458333333,182.96125,0.0,0.0,0.0,183.07600000000002,182.75110416666666,True,0.0,0.0,0.0,0.0
2025-08-28,0.0,181.49260416666667,181.935,0.0,0.0,0.0,182.96125,181.92561458333333,False,0.0,0.0,0.0,0.0
2025-08-29,0.0,181.28309375,181.627,0.0,0.0,0.0,181.935,181.49260416666667,True,0.0,0.0,0.0,0.0
2025-08-30,0.0,181.31540625000002,181.66525000000001,0.0,0.0,0.0,181.627,181.28309375,True,0.0,0.0,0.0,0.0
2025-08-31,0.0,181.18328125000002,181.517,0.0,0.0,0.0,181.66525000000001,181.31540625000002,True,0.0,0.0,0.0,0.0
2025-09-01,0.459825861,181.19458333333333,181.489,0.0,0.0,0.0,181.517,181.18328125000002,0.0,0.0,0.0,0.0,0.0
2025-09-02,1.794149881,174.17530208333335,181.54225,0.459825861,0.4598258610000284,0.45982586100000356,181.489,181.19458333333333,0.0,0.0,0.0,0.0,0.0
2025-09-03,1.3701482120000001,181.47922916666667,181.8125,1.794149881,2.2539757420000286,2.2539757420000037,181.54225,174.17530208333335,0.0,0.0,0.0,0.0,0.0
2025-09-04,1.607146201,181.56091666666669,181.84900000000002,1.3701482120000001,3.6241239540000287,3.624123954000004,181.8125,181.47922916666667,0.0,0.0,0.0,0.0,0.0
2025-09-05,2.795558983,181.61633333333336,181.8835,1.607146201,4.771444294000029,5.231270155000004,181.84900000000002,181.56091666666669,0.0,0.0,0.0,0.0,0.0
2025-09-06,0.767921932,181.4757291666667,181.89200000000002,2.795558983,5.772853396000029,8.026829138000004,181.8835,181.61633333333336,0.0,0.0,0.0,0.0,0.0
2025-09-07,15.801711527,181.03809375,181.4505,0.767921932,5.170627116000028,8.794751070000004,181.89200000000002,181.4757291666667,0.0,0.0,0.0,0.0,0.0
2025-09-08,5.9812940690000005,184.281125,264.94325,15.801711527,19.36519244200003,24.596462597000006,181.4505,181.03809375,0.0,0.0,0.0,0.0,0.0
2025-09-09,2.015896832,180.6554270833333,180.984,5.9812940690000005,22.55092752800003,30.117930805000007,264.94325,184.281125,0.0,0.0,0.0,0.0,0.0
2025-09-10,0.0,180.58632291666666,180.92325,2.015896832,23.79890242800003,30.339677756000004,180.984,180.6554270833333,0.0,0.0,0.0,0.0,0.0
2025-09-11,0.0,180.50004166666668,180.8495,0.0,7.997190901000029,28.969529544000004,180.92325,180.58632291666666,0.0,0.0,0.0,0.0,0.0
2025-09-12,0.0,180.5572395833333,180.82475,0.0,2.0158968320000286,27.362383343000005,180.8495,180.50004166666668,0.0,0.0,0.0,0.0,0.0
2025-09-13,0.0,180.71412847222223,180.94050000000001,0.0,0.0,24.566824360000005,180.82475,180.5572395833333,0.0,0.0,0.0,0.0,0.0
2025-09-14,0.0,180.74421875,181.1325,0.0,0.0,23.798902428000005,180.94050000000001,180.71412847222223,0.0,0.0,0.0,0.0,0.0
2025-09-15,0.0,177.4952604166667,181.44525,0.0,0.0,7.997190901000004,181.1325,180.74421875,0.0,0.0,0.0,0.0,0.0
2025-09-16,0.0,177.56440625000002,181.529,0.0,0.0,2.0158968320000037,181.44525,177.4952604166667,0.0,0.0,0.0,0.0,0.0
2025-09-17,0.0,181.12118750000002,181.44400000000002,0.0,0.0,0.0,181.529,177.56440625000002,0.0,0.0,0.0,0.0,0.0
2025-09-18,0.0,184.38913541666668,265.0855,0.0,0.0,0.0,181.44400000000002,181.12118750000002,0.0,0.0,0.0,0.0,0.0
2025-09-19,0.0,181.044,181.6335,0.0,0.0,0.0,265.0855,184.38913541666668,0.0,0.0,0.0,0.0,0.0
2025-09-20,0.0,181.16872916666668,181.6045,0.0,0.0,0.0,181.6335,181.044,0.0,0.0,0.0,0.0,0.0
2025-09-21,0.0,181.30572916666665,181.75050000000002,0.0,0.0,0.0,181.6045,181.16872916666668,0.0,0.0,0.0,0.0,0.0
2025-09-22,0.0,181.24169999999998,181.5145,0.0,0.0,0.0,181.75050000000002,181.30572916666665,0.0,0.0,0.0,0.0,0.0
