Date,Rainfall,Rain_3d_sum,Rain_5d_sum,Rain_7d_sum,Flood_Prob,Flood_Prob_%,Flood_Prob_Smoothed,Flood_Pred_Smoothed
2026-10-02,0.0,0.0,0.0,0.0,0.0,0.0,0.0,False
2026-10-03,0.0,0.0,0.0,0.0,0.0,0.0,0.0,False
2026-10-04,0.0,0.0,0.0,0.0,0.0,0.0,0.0,False
2026-10-05,0.0,0.0,0.0,0.0,0.0,0.0,0.0,False
2026-10-06,1.0,1.0,1.0,1.0,0.0,0.0,0.0,False
2026-10-07,9.1,10.1,10.1,10.1,0.0,0.0,0.95,True
2026-10-08,1.0,11.1,11.1,11.1,0.95,95.0,0.95,True
2026-10-09,0.1,10.2,11.2,11.2,0.03,3.0,0.95,True
2026-10-10,0.18,1.28,11.379999999999999,11.379999999999999,0.12,12.0,0.12,False
2026-10-11,2.75,3.0300000000000002,13.129999999999999,14.129999999999999,0.04,4.0,0.12,False
2026-10-12,1.92,4.85,5.949999999999999,16.05,0.03,3.0,0.04,False
2026-10-13,1.68,6.3500000000000005,6.63,16.73,0.01,1.0,0.03,False
